{"stats":{"minecraft:broken":{"minecraft:stone_pickaxe":1,"minecraft:stone_shovel":1},"minecraft:mined":{"minecraft:spruce_planks":4,"minecraft:white_bed":5,"minecraft:oak_door":8,"minecraft:cherry_log":26,"minecraft:brewing_stand":2,"minecraft:grass_block":29,"minecraft:jungle_planks":1,"minecraft:sandstone":39,"minecraft:hay_block":28,"minecraft:tall_seagrass":1,"minecraft:furnace":2,"minecraft:iron_ore":10,"minecraft:bookshelf":4,"minecraft:stone":83,"minecraft:smithing_table":1,"minecraft:torch":1,"minecraft:crafting_table":10,"minecraft:short_grass":12,"minecraft:blast_furnace":1,"minecraft:lectern":1,"minecraft:copper_ore":6,"minecraft:sugar_cane":6,"minecraft:wall_torch":2,"minecraft:pink_petals":1,"minecraft:spruce_stairs":1,"minecraft:seagrass":1,"minecraft:spruce_log":2,"minecraft:birch_leaves":2,"minecraft:yellow_bed":1,"minecraft:oak_log":19,"minecraft:coal_ore":51,"minecraft:cherry_leaves":27,"minecraft:sand":58,"minecraft:dirt":78,"minecraft:oak_leaves":24,"minecraft:deepslate":5},"minecraft:killed_by":{"minecraft:iron_golem":1,"minecraft:drowned":2},"minecraft:custom":{"minecraft:mob_kills":27,"minecraft:interact_with_crafting_table":19,"minecraft:leave_game":1,"minecraft:time_since_death":31391,"minecraft:sprint_one_cm":311760,"minecraft:walk_one_cm":119536,"minecraft:damage_blocked_by_shield":195,"minecraft:drop":71,"minecraft:play_time":107200,"minecraft:deaths":3,"minecraft:sneak_time":10022,"minecraft:walk_under_water_one_cm":32019,"minecraft:boat_one_cm":125132,"minecraft:jump":2547,"minecraft:walk_on_water_one_cm":63914,"minecraft:total_world_time":107200,"minecraft:interact_with_furnace":36,"minecraft:sleep_in_bed":5,"minecraft:time_since_rest":11526,"minecraft:damage_taken":1898,"minecraft:damage_dealt":4179,"minecraft:swim_one_cm":62373,"minecraft:fly_one_cm":625343,"minecraft:open_chest":16,"minecraft:crouch_one_cm":25303,"minecraft:fall_one_cm":82666},"minecraft:used":{"minecraft:cherry_boat":2,"minecraft:stone_sword":69,"minecraft:stone_shovel":148,"minecraft:shield":3,"minecraft:iron_sword":30,"minecraft:oak_door":8,"minecraft:torch":6,"minecraft:dirt":34,"minecraft:iron_helmet":1,"minecraft:iron_boots":1,"minecraft:beef":5,"minecraft:hay_block":5,"minecraft:furnace":2,"minecraft:egg":4,"minecraft:potato":6,"minecraft:cooked_beef":1,"minecraft:cobbled_deepslate":5,"minecraft:golden_axe":5,"minecraft:cooked_mutton":2,"minecraft:leather_leggings":1,"minecraft:stone_pickaxe":200,"minecraft:wooden_pickaxe":32,"minecraft:cherry_planks":3,"minecraft:leather_boots":1,"minecraft:sand":28,"minecraft:crafting_table":12,"minecraft:white_bed":6,"minecraft:spruce_log":2,"minecraft:apple":6,"minecraft:bread":7,"minecraft:leather_helmet":1,"minecraft:golden_leggings":1,"minecraft:stone_axe":101,"minecraft:fire_charge":1,"minecraft:cobblestone":1,"minecraft:cooked_porkchop":4,"minecraft:porkchop":19},"minecraft:dropped":{"minecraft:iron_ingot":7,"minecraft:wheat_seeds":7,"minecraft:diamond":1,"minecraft:crafting_table":1,"minecraft:poisonous_potato":4,"minecraft:feather":2,"minecraft:cobblestone":5,"minecraft:leather":2,"minecraft:leather_helmet":1,"minecraft:cherry_planks":3,"minecraft:gold_nugget":2,"minecraft:heart_of_the_sea":1,"minecraft:sand":27,"minecraft:furnace":2,"minecraft:stone_axe":1,"minecraft:stone_sword":1,"minecraft:wheat":79,"minecraft:stone_shovel":4,"minecraft:chicken":1,"minecraft:light_gray_wool":1,"minecraft:white_bed":2,"minecraft:suspicious_stew":1,"minecraft:filled_map":3,"minecraft:spruce_planks":4,"minecraft:iron_chestplate":1,"minecraft:charcoal":2,"minecraft:leather_boots":1,"minecraft:oak_boat":2,"minecraft:leather_leggings":1,"minecraft:arrow":1,"minecraft:sandstone":64,"minecraft:wooden_pickaxe":1,"minecraft:stone_pickaxe":1,"minecraft:black_wool":1},"minecraft:crafted":{"minecraft:cherry_planks":8,"minecraft:oak_planks":40,"minecraft:stone_shovel":5,"minecraft:furnace":2,"minecraft:cherry_boat":1,"minecraft:cooked_mutton":8,"minecraft:iron_boots":1,"minecraft:stone_pickaxe":2,"minecraft:wheat":201,"minecraft:cooked_beef":1,"minecraft:cooked_porkchop":6,"minecraft:crafting_table":2,"minecraft:wooden_pickaxe":1,"minecraft:iron_helmet":1,"minecraft:iron_sword":1,"minecraft:stone_axe":1,"minecraft:bread":68,"minecraft:air":0,"minecraft:charcoal":3,"minecraft:shield":1,"minecraft:stick":32,"minecraft:iron_ingot":17,"minecraft:iron_pickaxe":1,"minecraft:stone_sword":1,"minecraft:white_bed":1,"minecraft:torch":12},"minecraft:picked_up":{"minecraft:charcoal":2,"minecraft:crafting_table":17,"minecraft:iron_chestplate":1,"minecraft:wheat":24,"minecraft:chicken":3,"minecraft:suspicious_stew":2,"minecraft:smithing_table":1,"minecraft:golden_shovel":1,"minecraft:brewing_stand":4,"minecraft:shield":1,"minecraft:raw_copper":98,"minecraft:compass":1,"minecraft:cherry_boat":2,"minecraft:cobbled_deepslate":5,"minecraft:spruce_planks":4,"minecraft:beef":5,"minecraft:oak_boat":4,"minecraft:iron_nugget":18,"minecraft:iron_pickaxe":1,"minecraft:light_gray_wool":1,"minecraft:lectern":2,"minecraft:sugar_cane":18,"minecraft:iron_boots":1,"minecraft:egg":4,"minecraft:furnace":2,"minecraft:stick":9,"minecraft:raw_iron":35,"minecraft:sandstone":68,"minecraft:oak_door":11,"minecraft:torch":42,"minecraft:spruce_stairs":1,"minecraft:porkchop":27,"minecraft:cherry_log":52,"minecraft:arrow":1,"minecraft:stone_sword":2,"minecraft:rotten_flesh":1,"minecraft:stone_shovel":2,"minecraft:hay_block":34,"minecraft:obsidian":2,"minecraft:mutton":14,"minecraft:white_wool":3,"minecraft:cobblestone":124,"minecraft:pink_petals":4,"minecraft:feather":2,"minecraft:cherry_planks":3,"minecraft:leather":6,"minecraft:golden_leggings":1,"minecraft:potato":15,"minecraft:filled_map":4,"minecraft:oak_log":54,"minecraft:yellow_bed":1,"minecraft:gunpowder":1,"minecraft:dirt":160,"minecraft:cooked_mutton":6,"minecraft:coast_armor_trim_smithing_template":2,"minecraft:apple":1,"minecraft:wheat_seeds":8,"minecraft:heart_of_the_sea":1,"minecraft:iron_ingot":13,"minecraft:stone_pickaxe":3,"minecraft:iron_sword":1,"minecraft:oak_planks":57,"minecraft:book":25,"minecraft:cooked_porkchop":5,"minecraft:jungle_planks":1,"minecraft:sand":77,"minecraft:blast_furnace":2,"minecraft:white_bed":10,"minecraft:spruce_log":2,"minecraft:diamond":1,"minecraft:stone_axe":1,"minecraft:iron_helmet":1,"minecraft:cherry_sapling":4,"minecraft:emerald":4,"minecraft:bread":1,"minecraft:coal":137,"minecraft:black_wool":1},"minecraft:killed":{"minecraft:skeleton":1,"minecraft:chicken":1,"minecraft:drowned":1,"minecraft:pig":12,"minecraft:iron_golem":1,"minecraft:creeper":1,"minecraft:sheep":5,"minecraft:zombie":1,"minecraft:cow":3}},"DataVersion":3953}