{"stats":{"minecraft:broken":{"minecraft:stone_pickaxe":2,"minecraft:shield":1,"minecraft:stone_shovel":1},"minecraft:mined":{"minecraft:diamond_ore":1,"minecraft:spruce_planks":4,"minecraft:white_bed":5,"minecraft:mossy_cobblestone":1,"minecraft:deepslate_diamond_ore":1,"minecraft:oak_door":8,"minecraft:cherry_log":26,"minecraft:brewing_stand":2,"minecraft:granite":7,"minecraft:grass_block":32,"minecraft:jungle_planks":1,"minecraft:sandstone":39,"minecraft:tall_seagrass":1,"minecraft:hay_block":28,"minecraft:redstone_ore":2,"minecraft:furnace":3,"minecraft:iron_ore":157,"minecraft:fire":4,"minecraft:andesite":1,"minecraft:bookshelf":4,"minecraft:deepslate_iron_ore":15,"minecraft:stone":140,"minecraft:smithing_table":1,"minecraft:deepslate_redstone_ore":10,"minecraft:crafting_table":14,"minecraft:torch":6,"minecraft:short_grass":13,"minecraft:blast_furnace":2,"minecraft:chest":1,"minecraft:lectern":1,"minecraft:copper_ore":7,"minecraft:cobblestone":11,"minecraft:deepslate_gold_ore":1,"minecraft:lapis_ore":12,"minecraft:sugar_cane":6,"minecraft:wall_torch":5,"minecraft:diorite":1,"minecraft:pink_petals":1,"minecraft:spruce_stairs":1,"minecraft:seagrass":1,"minecraft:spruce_log":2,"minecraft:birch_leaves":2,"minecraft:yellow_bed":5,"minecraft:oak_log":19,"minecraft:coal_ore":72,"minecraft:gravel":11,"minecraft:dirt":78,"minecraft:cherry_leaves":27,"minecraft:sand":58,"minecraft:gold_ore":9,"minecraft:oak_leaves":24,"minecraft:deepslate":8},"minecraft:killed_by":{"minecraft:creeper":1,"minecraft:iron_golem":1,"minecraft:drowned":2,"minecraft:skeleton":1,"minecraft:zombie":1},"minecraft:custom":{"minecraft:mob_kills":55,"minecraft:interact_with_crafting_table":34,"minecraft:leave_game":5,"minecraft:time_since_death":32676,"minecraft:sprint_one_cm":410451,"minecraft:walk_one_cm":231390,"minecraft:damage_blocked_by_shield":3280,"minecraft:drop":91,"minecraft:talked_to_villager":1,"minecraft:play_time":167544,"minecraft:sneak_time":17571,"minecraft:deaths":7,"minecraft:walk_under_water_one_cm":35177,"minecraft:boat_one_cm":125132,"minecraft:jump":3525,"minecraft:interact_with_blast_furnace":3,"minecraft:walk_on_water_one_cm":81021,"minecraft:total_world_time":167544,"minecraft:interact_with_furnace":66,"minecraft:sleep_in_bed":8,"minecraft:time_since_rest":32708,"minecraft:damage_taken":4376,"minecraft:damage_dealt":9863,"minecraft:swim_one_cm":64192,"minecraft:fly_one_cm":1573840,"minecraft:open_chest":25,"minecraft:crouch_one_cm":42635,"minecraft:fall_one_cm":108309},"minecraft:used":{"minecraft:cherry_boat":2,"minecraft:stone_sword":69,"minecraft:iron_shovel":1,"minecraft:flint_and_steel":4,"minecraft:stone_shovel":148,"minecraft:chest":3,"minecraft:shield":51,"minecraft:iron_sword":143,"minecraft:oak_door":8,"minecraft:iron_chestplate":4,"minecraft:torch":13,"minecraft:dirt":45,"minecraft:golden_shovel":11,"minecraft:granite":2,"minecraft:iron_axe":4,"minecraft:iron_helmet":4,"minecraft:iron_boots":2,"minecraft:beef":5,"minecraft:hay_block":5,"minecraft:furnace":3,"minecraft:egg":4,"minecraft:potato":6,"minecraft:cooked_beef":1,"minecraft:cobbled_deepslate":5,"minecraft:golden_axe":5,"minecraft:cooked_mutton":2,"minecraft:leather_leggings":1,"minecraft:diorite":1,"minecraft:stone_pickaxe":269,"minecraft:wooden_pickaxe":32,"minecraft:leather_chestplate":1,"minecraft:cherry_planks":3,"minecraft:leather_boots":1,"minecraft:sand":28,"minecraft:crafting_table":17,"minecraft:blast_furnace":1,"minecraft:white_bed":6,"minecraft:spruce_log":2,"minecraft:apple":6,"minecraft:bread":35,"minecraft:iron_pickaxe":236,"minecraft:leather_helmet":1,"minecraft:golden_leggings":2,"minecraft:stone_axe":103,"minecraft:fire_charge":2,"minecraft:cobblestone":51,"minecraft:porkchop":19,"minecraft:cooked_porkchop":6,"minecraft:andesite":1,"minecraft:yellow_bed":4},"minecraft:dropped":{"minecraft:iron_ingot":7,"minecraft:wheat_seeds":8,"minecraft:mossy_cobblestone":1,"minecraft:diamond":1,"minecraft:crafting_table":1,"minecraft:poisonous_potato":4,"minecraft:feather":2,"minecraft:cobblestone":9,"minecraft:leather":2,"minecraft:granite":3,"minecraft:leather_helmet":1,"minecraft:dirt":1,"minecraft:cherry_planks":3,"minecraft:gold_nugget":2,"minecraft:heart_of_the_sea":1,"minecraft:sand":27,"minecraft:string":1,"minecraft:gravel":8,"minecraft:furnace":2,"minecraft:stone_axe":2,"minecraft:stone_sword":1,"minecraft:cobbled_deepslate":8,"minecraft:wheat":79,"minecraft:stone_shovel":4,"minecraft:chicken":1,"minecraft:rotten_flesh":17,"minecraft:light_gray_wool":1,"minecraft:golden_shovel":1,"minecraft:white_bed":2,"minecraft:flint_and_steel":1,"minecraft:suspicious_stew":1,"minecraft:filled_map":3,"minecraft:spruce_planks":4,"minecraft:iron_chestplate":1,"minecraft:charcoal":2,"minecraft:leather_boots":1,"minecraft:golden_leggings":2,"minecraft:oak_boat":2,"minecraft:leather_leggings":1,"minecraft:sandstone":64,"minecraft:arrow":4,"minecraft:stone_pickaxe":1,"minecraft:wooden_pickaxe":1,"minecraft:black_wool":1},"minecraft:crafted":{"minecraft:cherry_planks":8,"minecraft:oak_planks":76,"minecraft:stone_shovel":5,"minecraft:furnace":3,"minecraft:cherry_boat":1,"minecraft:cooked_mutton":8,"minecraft:iron_boots":1,"minecraft:iron_axe":1,"minecraft:stone_pickaxe":2,"minecraft:chest":2,"minecraft:wheat":201,"minecraft:cooked_beef":1,"minecraft:cooked_porkchop":6,"minecraft:crafting_table":5,"minecraft:iron_helmet":1,"minecraft:wooden_pickaxe":1,"minecraft:iron_sword":1,"minecraft:stone_axe":2,"minecraft:bread":68,"minecraft:air":0,"minecraft:iron_chestplate":1,"minecraft:charcoal":3,"minecraft:shield":2,"minecraft:stick":32,"minecraft:iron_ingot":97,"minecraft:iron_pickaxe":1,"minecraft:stone_sword":1,"minecraft:iron_shovel":1,"minecraft:iron_leggings":1,"minecraft:white_bed":1,"minecraft:torch":12},"minecraft:picked_up":{"minecraft:charcoal":2,"minecraft:iron_chestplate":4,"minecraft:crafting_table":23,"minecraft:wheat":24,"minecraft:chicken":3,"minecraft:suspicious_stew":2,"minecraft:smithing_table":1,"minecraft:golden_shovel":4,"minecraft:brewing_stand":4,"minecraft:shield":4,"minecraft:string":1,"minecraft:raw_copper":103,"minecraft:flint_and_steel":4,"minecraft:iron_leggings":1,"minecraft:compass":1,"minecraft:cherry_boat":2,"minecraft:cobbled_deepslate":13,"minecraft:spruce_planks":4,"minecraft:beef":5,"minecraft:oak_boat":4,"minecraft:iron_nugget":36,"minecraft:iron_pickaxe":4,"minecraft:light_gray_wool":1,"minecraft:lectern":2,"minecraft:sugar_cane":18,"minecraft:chest":1,"minecraft:furnace":3,"minecraft:iron_boots":4,"minecraft:egg":4,"minecraft:stick":27,"minecraft:raw_iron":216,"minecraft:sandstone":68,"minecraft:oak_door":11,"minecraft:torch":89,"minecraft:spruce_stairs":1,"minecraft:porkchop":27,"minecraft:cherry_log":52,"minecraft:diorite":1,"minecraft:redstone":56,"minecraft:stone_sword":2,"minecraft:arrow":10,"minecraft:stone_shovel":2,"minecraft:rotten_flesh":32,"minecraft:hay_block":34,"minecraft:obsidian":2,"minecraft:mutton":14,"minecraft:white_wool":3,"minecraft:cobblestone":208,"minecraft:pink_petals":4,"minecraft:feather":2,"minecraft:cherry_planks":3,"minecraft:andesite":1,"minecraft:leather":6,"minecraft:golden_leggings":5,"minecraft:potato":15,"minecraft:filled_map":4,"minecraft:flint":3,"minecraft:oak_log":54,"minecraft:yellow_bed":6,"minecraft:gunpowder":1,"minecraft:lapis_lazuli":81,"minecraft:dirt":172,"minecraft:cooked_mutton":6,"minecraft:coast_armor_trim_smithing_template":2,"minecraft:bone":12,"minecraft:apple":1,"minecraft:wheat_seeds":8,"minecraft:raw_gold":10,"minecraft:heart_of_the_sea":1,"minecraft:iron_ingot":14,"minecraft:stone_pickaxe":6,"minecraft:iron_sword":4,"minecraft:oak_planks":93,"minecraft:book":25,"minecraft:cooked_porkchop":5,"minecraft:gravel":8,"minecraft:sand":77,"minecraft:jungle_planks":1,"minecraft:blast_furnace":2,"minecraft:white_bed":10,"minecraft:spruce_log":2,"minecraft:mossy_cobblestone":1,"minecraft:diamond":3,"minecraft:stone_axe":4,"minecraft:iron_helmet":4,"minecraft:granite":11,"minecraft:cherry_sapling":4,"minecraft:bread":192,"minecraft:emerald":4,"minecraft:black_wool":1,"minecraft:coal":233},"minecraft:killed":{"minecraft:spider":1,"minecraft:skeleton":11,"minecraft:chicken":1,"minecraft:drowned":1,"minecraft:pig":12,"minecraft:zombie_villager":1,"minecraft:iron_golem":1,"minecraft:creeper":1,"minecraft:sheep":5,"minecraft:zombie":17,"minecraft:cow":3}},"DataVersion":3953}