{"stats":{"minecraft:broken":{"minecraft:stone_pickaxe":1,"minecraft:stone_shovel":1},"minecraft:mined":{"minecraft:spruce_planks":4,"minecraft:white_bed":4,"minecraft:oak_door":8,"minecraft:cherry_log":26,"minecraft:brewing_stand":2,"minecraft:grass_block":29,"minecraft:jungle_planks":1,"minecraft:sandstone":39,"minecraft:hay_block":28,"minecraft:tall_seagrass":1,"minecraft:furnace":2,"minecraft:iron_ore":8,"minecraft:bookshelf":4,"minecraft:stone":83,"minecraft:smithing_table":1,"minecraft:torch":1,"minecraft:crafting_table":7,"minecraft:short_grass":10,"minecraft:blast_furnace":1,"minecraft:lectern":1,"minecraft:copper_ore":6,"minecraft:sugar_cane":6,"minecraft:wall_torch":2,"minecraft:pink_petals":1,"minecraft:spruce_stairs":1,"minecraft:seagrass":1,"minecraft:spruce_log":2,"minecraft:birch_leaves":2,"minecraft:oak_log":19,"minecraft:coal_ore":51,"minecraft:cherry_leaves":27,"minecraft:sand":58,"minecraft:dirt":78,"minecraft:oak_leaves":24,"minecraft:deepslate":5},"minecraft:killed_by":{"minecraft:iron_golem":1,"minecraft:drowned":2},"minecraft:custom":{"minecraft:mob_kills":25,"minecraft:interact_with_crafting_table":15,"minecraft:leave_game":1,"minecraft:time_since_death":19391,"minecraft:sprint_one_cm":267719,"minecraft:walk_one_cm":96633,"minecraft:drop":58,"minecraft:play_time":95200,"minecraft:deaths":3,"minecraft:sneak_time":9833,"minecraft:walk_under_water_one_cm":31890,"minecraft:boat_one_cm":66540,"minecraft:jump":2133,"minecraft:walk_on_water_one_cm":58096,"minecraft:total_world_time":95200,"minecraft:interact_with_furnace":36,"minecraft:sleep_in_bed":4,"minecraft:time_since_rest":0,"minecraft:damage_taken":1606,"minecraft:damage_dealt":3779,"minecraft:swim_one_cm":60633,"minecraft:fly_one_cm":516908,"minecraft:open_chest":15,"minecraft:crouch_one_cm":24797,"minecraft:fall_one_cm":69629},"minecraft:used":{"minecraft:stone_sword":69,"minecraft:stone_shovel":148,"minecraft:iron_sword":21,"minecraft:oak_door":8,"minecraft:torch":6,"minecraft:dirt":34,"minecraft:iron_helmet":1,"minecraft:iron_boots":1,"minecraft:beef":5,"minecraft:hay_block":5,"minecraft:furnace":2,"minecraft:egg":4,"minecraft:potato":6,"minecraft:cooked_beef":1,"minecraft:cobbled_deepslate":5,"minecraft:golden_axe":5,"minecraft:cooked_mutton":2,"minecraft:leather_leggings":1,"minecraft:stone_pickaxe":198,"minecraft:wooden_pickaxe":32,"minecraft:leather_boots":1,"minecraft:sand":28,"minecraft:crafting_table":9,"minecraft:white_bed":5,"minecraft:spruce_log":2,"minecraft:apple":6,"minecraft:bread":6,"minecraft:leather_helmet":1,"minecraft:golden_leggings":1,"minecraft:stone_axe":101,"minecraft:fire_charge":1,"minecraft:cobblestone":1,"minecraft:cooked_porkchop":1,"minecraft:porkchop":19},"minecraft:crafted":{"minecraft:oak_planks":40,"minecraft:stone_shovel":5,"minecraft:furnace":2,"minecraft:cooked_mutton":8,"minecraft:iron_boots":1,"minecraft:stone_pickaxe":2,"minecraft:cooked_beef":1,"minecraft:cooked_porkchop":6,"minecraft:crafting_table":2,"minecraft:wooden_pickaxe":1,"minecraft:iron_helmet":1,"minecraft:iron_sword":1,"minecraft:stone_axe":1,"minecraft:air":0,"minecraft:charcoal":3,"minecraft:shield":1,"minecraft:stick":32,"minecraft:iron_ingot":17,"minecraft:iron_pickaxe":1,"minecraft:stone_sword":1,"minecraft:white_bed":1,"minecraft:torch":12},"minecraft:dropped":{"minecraft:iron_ingot":7,"minecraft:wheat_seeds":5,"minecraft:diamond":1,"minecraft:crafting_table":1,"minecraft:poisonous_potato":4,"minecraft:feather":2,"minecraft:cobblestone":5,"minecraft:leather_helmet":1,"minecraft:gold_nugget":2,"minecraft:heart_of_the_sea":1,"minecraft:sand":27,"minecraft:furnace":2,"minecraft:stone_axe":1,"minecraft:stone_sword":1,"minecraft:stone_shovel":4,"minecraft:chicken":1,"minecraft:light_gray_wool":1,"minecraft:white_bed":2,"minecraft:suspicious_stew":1,"minecraft:filled_map":2,"minecraft:spruce_planks":4,"minecraft:iron_chestplate":1,"minecraft:charcoal":2,"minecraft:leather_boots":1,"minecraft:oak_boat":2,"minecraft:leather_leggings":1,"minecraft:sandstone":64,"minecraft:wooden_pickaxe":1,"minecraft:stone_pickaxe":1,"minecraft:black_wool":1},"minecraft:picked_up":{"minecraft:charcoal":2,"minecraft:crafting_table":14,"minecraft:iron_chestplate":1,"minecraft:chicken":3,"minecraft:suspicious_stew":2,"minecraft:smithing_table":1,"minecraft:golden_shovel":1,"minecraft:brewing_stand":4,"minecraft:shield":1,"minecraft:raw_copper":98,"minecraft:compass":1,"minecraft:cobbled_deepslate":5,"minecraft:spruce_planks":4,"minecraft:beef":5,"minecraft:oak_boat":4,"minecraft:iron_nugget":18,"minecraft:iron_pickaxe":1,"minecraft:light_gray_wool":1,"minecraft:lectern":2,"minecraft:sugar_cane":18,"minecraft:iron_boots":1,"minecraft:egg":4,"minecraft:furnace":2,"minecraft:stick":9,"minecraft:raw_iron":33,"minecraft:sandstone":68,"minecraft:oak_door":11,"minecraft:torch":42,"minecraft:spruce_stairs":1,"minecraft:porkchop":27,"minecraft:cherry_log":52,"minecraft:stone_sword":2,"minecraft:rotten_flesh":1,"minecraft:stone_shovel":2,"minecraft:hay_block":34,"minecraft:obsidian":2,"minecraft:mutton":14,"minecraft:white_wool":3,"minecraft:cobblestone":124,"minecraft:pink_petals":4,"minecraft:feather":2,"minecraft:leather":6,"minecraft:golden_leggings":1,"minecraft:potato":15,"minecraft:filled_map":4,"minecraft:oak_log":54,"minecraft:gunpowder":1,"minecraft:dirt":160,"minecraft:cooked_mutton":6,"minecraft:coast_armor_trim_smithing_template":2,"minecraft:apple":1,"minecraft:wheat_seeds":5,"minecraft:heart_of_the_sea":1,"minecraft:iron_ingot":13,"minecraft:stone_pickaxe":3,"minecraft:iron_sword":1,"minecraft:oak_planks":57,"minecraft:book":25,"minecraft:cooked_porkchop":5,"minecraft:jungle_planks":1,"minecraft:sand":77,"minecraft:blast_furnace":2,"minecraft:white_bed":9,"minecraft:spruce_log":2,"minecraft:diamond":1,"minecraft:stone_axe":1,"minecraft:iron_helmet":1,"minecraft:cherry_sapling":4,"minecraft:emerald":4,"minecraft:bread":1,"minecraft:coal":137,"minecraft:black_wool":1},"minecraft:killed":{"minecraft:chicken":1,"minecraft:drowned":1,"minecraft:pig":12,"minecraft:iron_golem":1,"minecraft:creeper":1,"minecraft:sheep":5,"minecraft:cow":3}},"DataVersion":3953}