{"stats":{"minecraft:mined":{"minecraft:spruce_planks":4,"minecraft:white_bed":3,"minecraft:oak_door":8,"minecraft:cherry_log":26,"minecraft:crafting_table":7,"minecraft:torch":1,"minecraft:short_grass":6,"minecraft:grass_block":29,"minecraft:jungle_planks":1,"minecraft:copper_ore":6,"minecraft:sugar_cane":2,"minecraft:sandstone":39,"minecraft:wall_torch":2,"minecraft:pink_petals":1,"minecraft:spruce_stairs":1,"minecraft:seagrass":1,"minecraft:tall_seagrass":1,"minecraft:furnace":2,"minecraft:iron_ore":8,"minecraft:spruce_log":2,"minecraft:birch_leaves":1,"minecraft:cherry_leaves":27,"minecraft:oak_log":19,"minecraft:coal_ore":51,"minecraft:sand":58,"minecraft:dirt":78,"minecraft:stone":83,"minecraft:oak_leaves":11,"minecraft:deepslate":5},"minecraft:broken":{"minecraft:stone_pickaxe":1,"minecraft:stone_shovel":1},"minecraft:killed_by":{"minecraft:drowned":2},"minecraft:custom":{"minecraft:interact_with_furnace":36,"minecraft:mob_kills":24,"minecraft:interact_with_crafting_table":15,"minecraft:time_since_death":28394,"minecraft:sleep_in_bed":3,"minecraft:time_since_rest":1984,"minecraft:sprint_one_cm":139936,"minecraft:damage_taken":1205,"minecraft:walk_one_cm":78316,"minecraft:drop":47,"minecraft:damage_dealt":2777,"minecraft:swim_one_cm":47286,"minecraft:fly_one_cm":215047,"minecraft:open_chest":6,"minecraft:crouch_one_cm":22844,"minecraft:play_time":71252,"minecraft:deaths":2,"minecraft:sneak_time":9311,"minecraft:walk_under_water_one_cm":30887,"minecraft:boat_one_cm":66540,"minecraft:jump":1134,"minecraft:walk_on_water_one_cm":39106,"minecraft:total_world_time":71252,"minecraft:fall_one_cm":37730},"minecraft:used":{"minecraft:cooked_mutton":2,"minecraft:stone_sword":69,"minecraft:stone_shovel":148,"minecraft:stone_pickaxe":166,"minecraft:wooden_pickaxe":32,"minecraft:iron_sword":2,"minecraft:oak_door":8,"minecraft:torch":6,"minecraft:dirt":34,"minecraft:sand":28,"minecraft:crafting_table":9,"minecraft:white_bed":3,"minecraft:spruce_log":2,"minecraft:iron_helmet":1,"minecraft:iron_boots":1,"minecraft:stone_axe":101,"minecraft:cobblestone":1,"minecraft:beef":5,"minecraft:cooked_porkchop":1,"minecraft:furnace":2,"minecraft:porkchop":19,"minecraft:egg":2,"minecraft:cooked_beef":1,"minecraft:cobbled_deepslate":5},"minecraft:dropped":{"minecraft:iron_ingot":7,"minecraft:wheat_seeds":5,"minecraft:stone_sword":1,"minecraft:diamond":1,"minecraft:crafting_table":1,"minecraft:poisonous_potato":4,"minecraft:stone_shovel":3,"minecraft:chicken":1,"minecraft:feather":2,"minecraft:cobblestone":5,"minecraft:light_gray_wool":1,"minecraft:white_bed":1,"minecraft:filled_map":2,"minecraft:iron_chestplate":1,"minecraft:charcoal":2,"minecraft:oak_boat":2,"minecraft:sand":27,"minecraft:sandstone":64,"minecraft:heart_of_the_sea":1,"minecraft:stone_pickaxe":1,"minecraft:wooden_pickaxe":1,"minecraft:black_wool":1},"minecraft:crafted":{"minecraft:cooked_beef":1,"minecraft:oak_planks":40,"minecraft:stone_shovel":5,"minecraft:cooked_porkchop":6,"minecraft:crafting_table":2,"minecraft:iron_helmet":1,"minecraft:wooden_pickaxe":1,"minecraft:iron_sword":1,"minecraft:furnace":2,"minecraft:stone_axe":1,"minecraft:cooked_mutton":8,"minecraft:air":0,"minecraft:iron_boots":1,"minecraft:charcoal":3,"minecraft:shield":1,"minecraft:stick":32,"minecraft:iron_ingot":17,"minecraft:iron_pickaxe":1,"minecraft:stone_pickaxe":2,"minecraft:stone_sword":1,"minecraft:white_bed":1,"minecraft:torch":12},"minecraft:picked_up":{"minecraft:pink_petals":4,"minecraft:iron_chestplate":1,"minecraft:charcoal":2,"minecraft:crafting_table":13,"minecraft:feather":2,"minecraft:chicken":3,"minecraft:suspicious_stew":2,"minecraft:leather":4,"minecraft:filled_map":3,"minecraft:oak_log":45,"minecraft:gunpowder":1,"minecraft:dirt":160,"minecraft:raw_copper":72,"minecraft:wheat_seeds":5,"minecraft:cobbled_deepslate":5,"minecraft:spruce_planks":4,"minecraft:heart_of_the_sea":1,"minecraft:iron_ingot":7,"minecraft:beef":5,"minecraft:stone_pickaxe":2,"minecraft:oak_boat":4,"minecraft:light_gray_wool":1,"minecraft:sugar_cane":5,"minecraft:oak_planks":57,"minecraft:furnace":2,"minecraft:egg":2,"minecraft:stick":1,"minecraft:raw_iron":33,"minecraft:sandstone":68,"minecraft:oak_door":10,"minecraft:torch":30,"minecraft:spruce_stairs":1,"minecraft:jungle_planks":1,"minecraft:porkchop":27,"minecraft:sand":77,"minecraft:cherry_log":26,"minecraft:spruce_log":2,"minecraft:white_bed":7,"minecraft:rotten_flesh":1,"minecraft:stone_sword":2,"minecraft:stone_shovel":2,"minecraft:diamond":1,"minecraft:stone_axe":1,"minecraft:cherry_sapling":2,"minecraft:black_wool":1,"minecraft:mutton":14,"minecraft:coal":93,"minecraft:white_wool":3,"minecraft:cobblestone":124},"minecraft:killed":{"minecraft:pig":12,"minecraft:creeper":1,"minecraft:sheep":5,"minecraft:chicken":1,"minecraft:drowned":1,"minecraft:cow":3}},"DataVersion":3953}