{"stats":{"minecraft:mined":{"minecraft:seagrass":1,"minecraft:tall_seagrass":1,"minecraft:white_bed":1,"minecraft:iron_ore":8,"minecraft:crafting_table":2,"minecraft:short_grass":2,"minecraft:coal_ore":4,"minecraft:grass_block":22,"minecraft:oak_log":19,"minecraft:dirt":45,"minecraft:copper_ore":1,"minecraft:stone":37,"minecraft:oak_leaves":11,"minecraft:deepslate":5},"minecraft:used":{"minecraft:cooked_mutton":1,"minecraft:stone_sword":47,"minecraft:stone_pickaxe":23,"minecraft:stone_shovel":63,"minecraft:wooden_pickaxe":32,"minecraft:stone_axe":22,"minecraft:dirt":6,"minecraft:beef":2,"minecraft:crafting_table":3,"minecraft:porkchop":14,"minecraft:white_bed":1,"minecraft:egg":1,"minecraft:cooked_beef":1,"minecraft:cobbled_deepslate":5},"minecraft:custom":{"minecraft:time_since_rest":8505,"minecraft:interact_with_furnace":9,"minecraft:sprint_one_cm":69793,"minecraft:damage_taken":478,"minecraft:walk_one_cm":40927,"minecraft:mob_kills":17,"minecraft:drop":10,"minecraft:damage_dealt":1660,"minecraft:swim_one_cm":17739,"minecraft:interact_with_crafting_table":4,"minecraft:fly_one_cm":84569,"minecraft:open_chest":1,"minecraft:crouch_one_cm":11443,"minecraft:play_time":35252,"minecraft:sneak_time":4248,"minecraft:walk_under_water_one_cm":19230,"minecraft:boat_one_cm":38092,"minecraft:jump":516,"minecraft:sleep_in_bed":1,"minecraft:walk_on_water_one_cm":16722,"minecraft:time_since_death":35252,"minecraft:total_world_time":35252,"minecraft:fall_one_cm":17451},"minecraft:dropped":{"minecraft:wheat_seeds":3,"minecraft:charcoal":2,"minecraft:poisonous_potato":4,"minecraft:wooden_pickaxe":1},"minecraft:crafted":{"minecraft:cooked_beef":1,"minecraft:oak_planks":24,"minecraft:stone_shovel":1,"minecraft:charcoal":3,"minecraft:crafting_table":2,"minecraft:stick":12,"minecraft:wooden_pickaxe":1,"minecraft:stone_pickaxe":1,"minecraft:stone_sword":1,"minecraft:white_bed":1,"minecraft:stone_axe":1,"minecraft:cooked_mutton":1,"minecraft:air":0},"minecraft:picked_up":{"minecraft:raw_iron":8,"minecraft:charcoal":2,"minecraft:crafting_table":2,"minecraft:feather":2,"minecraft:chicken":1,"minecraft:oak_door":1,"minecraft:leather":2,"minecraft:filled_map":1,"minecraft:porkchop":18,"minecraft:oak_log":19,"minecraft:white_bed":1,"minecraft:dirt":60,"minecraft:raw_copper":5,"minecraft:wheat_seeds":3,"minecraft:cobbled_deepslate":5,"minecraft:beef":2,"minecraft:coal":4,"minecraft:light_gray_wool":1,"minecraft:black_wool":1,"minecraft:mutton":7,"minecraft:white_wool":3,"minecraft:cobblestone":38,"minecraft:egg":1},"minecraft:killed":{"minecraft:sheep":5,"minecraft:pig":9,"minecraft:chicken":1,"minecraft:cow":2}},"DataVersion":3953}