{"stats":{"minecraft:mined":{"minecraft:white_bed":1,"minecraft:crafting_table":2,"minecraft:short_grass":2,"minecraft:grass_block":29,"minecraft:copper_ore":5,"minecraft:sandstone":15,"minecraft:wall_torch":1,"minecraft:seagrass":1,"minecraft:tall_seagrass":1,"minecraft:iron_ore":8,"minecraft:birch_leaves":1,"minecraft:oak_log":19,"minecraft:coal_ore":30,"minecraft:sand":42,"minecraft:dirt":57,"minecraft:stone":53,"minecraft:oak_leaves":11,"minecraft:deepslate":5},"minecraft:killed_by":{"minecraft:drowned":2},"minecraft:custom":{"minecraft:interact_with_furnace":9,"minecraft:mob_kills":19,"minecraft:interact_with_crafting_table":5,"minecraft:time_since_death":4394,"minecraft:sleep_in_bed":1,"minecraft:time_since_rest":4429,"minecraft:sprint_one_cm":102780,"minecraft:damage_taken":1078,"minecraft:walk_one_cm":51907,"minecraft:drop":15,"minecraft:damage_dealt":1993,"minecraft:swim_one_cm":22251,"minecraft:fly_one_cm":132655,"minecraft:open_chest":1,"minecraft:crouch_one_cm":16485,"minecraft:play_time":47252,"minecraft:deaths":2,"minecraft:sneak_time":6297,"minecraft:walk_under_water_one_cm":21747,"minecraft:boat_one_cm":66540,"minecraft:jump":762,"minecraft:walk_on_water_one_cm":28185,"minecraft:total_world_time":47252,"minecraft:fall_one_cm":25791},"minecraft:used":{"minecraft:cooked_mutton":1,"minecraft:stone_sword":52,"minecraft:stone_shovel":120,"minecraft:stone_pickaxe":86,"minecraft:wooden_pickaxe":32,"minecraft:torch":4,"minecraft:dirt":16,"minecraft:sand":24,"minecraft:crafting_table":3,"minecraft:white_bed":1,"minecraft:stone_axe":24,"minecraft:beef":5,"minecraft:porkchop":17,"minecraft:egg":2,"minecraft:cooked_beef":1,"minecraft:cobbled_deepslate":5},"minecraft:dropped":{"minecraft:wheat_seeds":3,"minecraft:poisonous_potato":4,"minecraft:feather":2,"minecraft:light_gray_wool":1,"minecraft:filled_map":1,"minecraft:charcoal":2,"minecraft:oak_boat":1,"minecraft:wooden_pickaxe":1,"minecraft:black_wool":1},"minecraft:crafted":{"minecraft:cooked_beef":1,"minecraft:oak_planks":24,"minecraft:stone_shovel":1,"minecraft:crafting_table":2,"minecraft:wooden_pickaxe":1,"minecraft:stone_axe":1,"minecraft:cooked_mutton":1,"minecraft:air":0,"minecraft:charcoal":3,"minecraft:stick":12,"minecraft:stone_pickaxe":1,"minecraft:stone_sword":1,"minecraft:white_bed":1,"minecraft:torch":12},"minecraft:picked_up":{"minecraft:charcoal":2,"minecraft:crafting_table":7,"minecraft:feather":2,"minecraft:chicken":3,"minecraft:suspicious_stew":2,"minecraft:leather":4,"minecraft:filled_map":3,"minecraft:oak_log":45,"minecraft:dirt":122,"minecraft:raw_copper":69,"minecraft:wheat_seeds":3,"minecraft:cobbled_deepslate":5,"minecraft:beef":5,"minecraft:stone_pickaxe":1,"minecraft:oak_boat":4,"minecraft:light_gray_wool":1,"minecraft:oak_planks":8,"minecraft:egg":2,"minecraft:raw_iron":24,"minecraft:sandstone":37,"minecraft:oak_door":2,"minecraft:torch":28,"minecraft:porkchop":19,"minecraft:sand":62,"minecraft:white_bed":3,"minecraft:rotten_flesh":1,"minecraft:stone_sword":2,"minecraft:stone_shovel":2,"minecraft:stone_axe":1,"minecraft:black_wool":1,"minecraft:mutton":14,"minecraft:coal":57,"minecraft:white_wool":3,"minecraft:cobblestone":94},"minecraft:killed":{"minecraft:pig":9,"minecraft:sheep":5,"minecraft:chicken":1,"minecraft:drowned":1,"minecraft:cow":3}},"DataVersion":3953}