{"stats":{"minecraft:mined":{"minecraft:short_grass":2,"minecraft:grass_block":12,"minecraft:oak_log":19,"minecraft:dirt":29,"minecraft:stone":32,"minecraft:oak_leaves":11,"minecraft:deepslate":5},"minecraft:used":{"minecraft:cooked_mutton":1,"minecraft:stone_sword":28,"minecraft:stone_pickaxe":5,"minecraft:stone_shovel":37,"minecraft:wooden_pickaxe":32,"minecraft:stone_axe":20,"minecraft:dirt":6,"minecraft:beef":2,"minecraft:crafting_table":1,"minecraft:porkchop":3,"minecraft:egg":1,"minecraft:cooked_beef":1,"minecraft:cobbled_deepslate":5},"minecraft:custom":{"minecraft:time_since_rest":23252,"minecraft:interact_with_furnace":9,"minecraft:sprint_one_cm":41330,"minecraft:damage_taken":358,"minecraft:walk_one_cm":28980,"minecraft:mob_kills":9,"minecraft:drop":6,"minecraft:damage_dealt":960,"minecraft:swim_one_cm":994,"minecraft:interact_with_crafting_table":2,"minecraft:fly_one_cm":61612,"minecraft:crouch_one_cm":9037,"minecraft:play_time":23252,"minecraft:sneak_time":3092,"minecraft:walk_under_water_one_cm":5243,"minecraft:jump":374,"minecraft:walk_on_water_one_cm":5327,"minecraft:time_since_death":23252,"minecraft:total_world_time":23252,"minecraft:fall_one_cm":15870},"minecraft:dropped":{"minecraft:wheat_seeds":3,"minecraft:charcoal":2,"minecraft:wooden_pickaxe":1},"minecraft:crafted":{"minecraft:cooked_beef":1,"minecraft:oak_planks":16,"minecraft:stone_shovel":1,"minecraft:charcoal":3,"minecraft:crafting_table":1,"minecraft:stick":12,"minecraft:wooden_pickaxe":1,"minecraft:stone_pickaxe":1,"minecraft:stone_sword":1,"minecraft:stone_axe":1,"minecraft:cooked_mutton":1,"minecraft:air":0},"minecraft:picked_up":{"minecraft:charcoal":2,"minecraft:feather":2,"minecraft:chicken":1,"minecraft:leather":2,"minecraft:porkchop":12,"minecraft:oak_log":19,"minecraft:dirt":34,"minecraft:wheat_seeds":3,"minecraft:cobbled_deepslate":5,"minecraft:beef":2,"minecraft:cobblestone":33,"minecraft:egg":1},"minecraft:killed":{"minecraft:pig":6,"minecraft:chicken":1,"minecraft:cow":2}},"DataVersion":3953}