{"stats":{"minecraft:broken":{"minecraft:iron_shovel":4,"minecraft:stone_pickaxe":5,"minecraft:stone_shovel":1,"minecraft:stone_hoe":2,"minecraft:shield":1,"minecraft:iron_axe":2,"minecraft:iron_pickaxe":2},"minecraft:dropped":{"minecraft:diamond":1,"minecraft:crafting_table":4,"minecraft:rooted_dirt":14,"minecraft:leather":2,"minecraft:leather_helmet":1,"minecraft:flint":8,"minecraft:dirt":534,"minecraft:mutton":2,"minecraft:gold_nugget":2,"minecraft:sand":27,"minecraft:gravel":49,"minecraft:stone_axe":2,"minecraft:compass":1,"minecraft:golden_chestplate":2,"minecraft:cobbled_deepslate":8,"minecraft:wheat":79,"minecraft:obsidian":2,"minecraft:rotten_flesh":25,"minecraft:cooked_mutton":3,"minecraft:golden_shovel":1,"minecraft:white_bed":2,"minecraft:carrot":1,"minecraft:poppy":2,"minecraft:charcoal":2,"minecraft:leather_boots":1,"minecraft:leather_leggings":1,"minecraft:spruce_slab":2,"minecraft:arrow":12,"minecraft:iron_ingot":7,"minecraft:stone_hoe":4,"minecraft:bread":17,"minecraft:oak_slab":1,"minecraft:wheat_seeds":22,"minecraft:mossy_cobblestone":3,"minecraft:poisonous_potato":4,"minecraft:feather":2,"minecraft:cobblestone":954,"minecraft:granite":3,"minecraft:cherry_planks":4,"minecraft:oak_stairs":4,"minecraft:heart_of_the_sea":1,"minecraft:iron_axe":1,"minecraft:string":1,"minecraft:furnace":2,"minecraft:stone_sword":1,"minecraft:stone_shovel":4,"minecraft:chicken":1,"minecraft:light_gray_wool":1,"minecraft:iron_boots":3,"minecraft:cherry_slab":23,"minecraft:suspicious_stew":1,"minecraft:flint_and_steel":2,"minecraft:filled_map":5,"minecraft:oak_button":20,"minecraft:spruce_planks":6,"minecraft:iron_chestplate":1,"minecraft:golden_leggings":2,"minecraft:oak_boat":2,"minecraft:spider_eye":1,"minecraft:sandstone":64,"minecraft:bow":1,"minecraft:stone_pickaxe":2,"minecraft:wooden_pickaxe":1,"minecraft:black_wool":1},"minecraft:crafted":{"minecraft:oak_planks":228,"minecraft:cherry_slab":186,"minecraft:cherry_boat":1,"minecraft:cooked_mutton":8,"minecraft:glass":47,"minecraft:iron_boots":1,"minecraft:chest":6,"minecraft:oak_button":20,"minecraft:stone_hoe":4,"minecraft:oak_slab":150,"minecraft:cooked_porkchop":6,"minecraft:crafting_table":9,"minecraft:spruce_planks":88,"minecraft:wooden_pickaxe":1,"minecraft:iron_helmet":1,"minecraft:gold_block":2,"minecraft:cherry_chest_boat":1,"minecraft:iron_chestplate":1,"minecraft:charcoal":3,"minecraft:shield":2,"minecraft:stick":68,"minecraft:iron_ingot":182,"minecraft:iron_pickaxe":3,"minecraft:stone_sword":1,"minecraft:gold_ingot":46,"minecraft:composter":9,"minecraft:cherry_planks":420,"minecraft:stone_shovel":5,"minecraft:furnace":3,"minecraft:yellow_bed":1,"minecraft:bone_meal":12,"minecraft:cherry_trapdoor":76,"minecraft:iron_axe":3,"minecraft:ladder":15,"minecraft:spruce_slab":168,"minecraft:iron_hoe":1,"minecraft:stone_pickaxe":5,"minecraft:wheat":381,"minecraft:cooked_beef":1,"minecraft:iron_sword":1,"minecraft:bucket":2,"minecraft:stone_axe":2,"minecraft:bread":128,"minecraft:air":0,"minecraft:iron_shovel":5,"minecraft:cherry_door":3,"minecraft:iron_leggings":1,"minecraft:white_bed":1,"minecraft:torch":12},"minecraft:picked_up":{"minecraft:iron_chestplate":5,"minecraft:wheat":24,"minecraft:suspicious_stew":2,"minecraft:yellow_wool":3,"minecraft:smithing_table":1,"minecraft:oak_stairs":4,"minecraft:golden_shovel":4,"minecraft:brewing_stand":4,"minecraft:string":7,"minecraft:raw_copper":103,"minecraft:iron_leggings":2,"minecraft:cherry_boat":6,"minecraft:cobbled_deepslate":13,"minecraft:spruce_planks":7,"minecraft:azalea":3,"minecraft:iron_pickaxe":5,"minecraft:furnace":3,"minecraft:iron_boots":6,"minecraft:dark_oak_door":2,"minecraft:stick":68,"minecraft:composter":2,"minecraft:torch":94,"minecraft:spruce_stairs":1,"minecraft:porkchop":27,"minecraft:cherry_log":169,"minecraft:diorite":1,"minecraft:golden_chestplate":1,"minecraft:stone_sword":2,"minecraft:rotten_flesh":40,"minecraft:obsidian":2,"minecraft:cobblestone":1253,"minecraft:pink_petals":4,"minecraft:feather":2,"minecraft:cherry_planks":15,"minecraft:water_bucket":2,"minecraft:andesite":1,"minecraft:golden_leggings":5,"minecraft:potato":16,"minecraft:flint":11,"minecraft:lapis_lazuli":85,"minecraft:dirt":1375,"minecraft:leather_boots":1,"minecraft:bone":18,"minecraft:bow":1,"minecraft:wheat_seeds":25,"minecraft:cherry_chest_boat":7,"minecraft:raw_gold":10,"minecraft:bell":4,"minecraft:stone_hoe":2,"minecraft:oak_planks":133,"minecraft:cooked_porkchop":5,"minecraft:jungle_planks":1,"minecraft:sand":196,"minecraft:mossy_cobblestone":3,"minecraft:diamond":3,"minecraft:granite":11,"minecraft:emerald":7,"minecraft:bread":195,"minecraft:rooted_dirt":92,"minecraft:oak_sapling":1,"minecraft:cherry_slab":26,"minecraft:charcoal":2,"minecraft:crafting_table":29,"minecraft:chicken":3,"minecraft:ladder":1,"minecraft:gold_block":2,"minecraft:shield":5,"minecraft:iron_axe":2,"minecraft:flint_and_steel":5,"minecraft:compass":1,"minecraft:iron_shovel":1,"minecraft:beef":5,"minecraft:oak_boat":4,"minecraft:iron_nugget":36,"minecraft:poppy":6,"minecraft:spruce_slab":44,"minecraft:light_gray_wool":1,"minecraft:lectern":2,"minecraft:chest":1,"minecraft:sugar_cane":43,"minecraft:cherry_trapdoor":4,"minecraft:egg":4,"minecraft:dark_oak_sapling":2,"minecraft:raw_iron":226,"minecraft:sandstone":68,"minecraft:oak_door":13,"minecraft:carrot":208,"minecraft:redstone":68,"minecraft:arrow":22,"minecraft:stone_shovel":2,"minecraft:hay_block":73,"minecraft:mutton":18,"minecraft:white_wool":5,"minecraft:stripped_oak_log":16,"minecraft:leather":6,"minecraft:filled_map":5,"minecraft:oak_log":138,"minecraft:yellow_bed":15,"minecraft:gunpowder":3,"minecraft:cooked_mutton":6,"minecraft:coast_armor_trim_smithing_template":2,"minecraft:apple":1,"minecraft:heart_of_the_sea":1,"minecraft:iron_ingot":44,"minecraft:stone_pickaxe":7,"minecraft:iron_sword":5,"minecraft:book":25,"minecraft:oak_slab":12,"minecraft:gravel":49,"minecraft:spruce_sapling":3,"minecraft:blast_furnace":4,"minecraft:white_bed":13,"minecraft:spruce_log":24,"minecraft:spider_eye":1,"minecraft:stone_axe":4,"minecraft:iron_helmet":5,"minecraft:cherry_sapling":82,"minecraft:oak_button":20,"minecraft:black_wool":1,"minecraft:coal":237},"minecraft:killed":{"minecraft:witch":1,"minecraft:spider":5,"minecraft:skeleton":15,"minecraft:chicken":1,"minecraft:pig":12,"minecraft:zombie_villager":1,"minecraft:iron_golem":6,"minecraft:creeper":2,"minecraft:sheep":6,"minecraft:zombie":27,"minecraft:cow":3,"minecraft:drowned":1,"minecraft:villager":1},"minecraft:custom":{"minecraft:interact_with_crafting_table":89,"minecraft:bell_ring":42,"minecraft:leave_game":9,"minecraft:time_since_death":11167,"minecraft:sprint_one_cm":856017,"minecraft:damage_blocked_by_shield":3662,"minecraft:drop":204,"minecraft:talked_to_villager":16,"minecraft:play_time":369207,"minecraft:deaths":9,"minecraft:jump":7004,"minecraft:walk_on_water_one_cm":147847,"minecraft:interact_with_furnace":81,"minecraft:sleep_in_bed":19,"minecraft:damage_dealt":18572,"minecraft:crouch_one_cm":110720,"minecraft:mob_kills":83,"minecraft:climb_one_cm":4100,"minecraft:walk_one_cm":884087,"minecraft:sneak_time":36263,"minecraft:walk_under_water_one_cm":43402,"minecraft:boat_one_cm":499441,"minecraft:interact_with_blast_furnace":25,"minecraft:total_world_time":369207,"minecraft:time_since_rest":11436,"minecraft:damage_taken":5795,"minecraft:swim_one_cm":105096,"minecraft:fly_one_cm":2293641,"minecraft:open_chest":76,"minecraft:fall_one_cm":185542},"minecraft:killed_by":{"minecraft:creeper":1,"minecraft:drowned":2,"minecraft:zombie":2,"minecraft:iron_golem":1,"minecraft:skeleton":1},"minecraft:used":{"minecraft:cherry_sapling":80,"minecraft:iron_shovel":1093,"minecraft:spruce_slab":208,"minecraft:ladder":16,"minecraft:poppy":3,"minecraft:chest":6,"minecraft:shield":62,"minecraft:iron_sword":312,"minecraft:bell":4,"minecraft:iron_chestplate":6,"minecraft:mutton":2,"minecraft:carrot":271,"minecraft:iron_helmet":5,"minecraft:hay_block":5,"minecraft:oak_sapling":1,"minecraft:furnace":4,"minecraft:egg":4,"minecraft:potato":15,"minecraft:leather_leggings":1,"minecraft:diorite":1,"minecraft:stone_pickaxe":662,"minecraft:oak_planks":39,"minecraft:wooden_pickaxe":32,"minecraft:leather_chestplate":1,"minecraft:composter":11,"minecraft:sugar_cane":38,"minecraft:white_wool":2,"minecraft:sand":45,"minecraft:blast_furnace":3,"minecraft:bread":64,"minecraft:fire_charge":2,"minecraft:smithing_table":1,"minecraft:andesite":1,"minecraft:bone_meal":12,"minecraft:azalea":1,"minecraft:cherry_boat":6,"minecraft:stone_sword":69,"minecraft:flint_and_steel":36,"minecraft:stone_shovel":148,"minecraft:spruce_planks":5,"minecraft:stone_hoe":381,"minecraft:oak_door":10,"minecraft:torch":15,"minecraft:dirt":683,"minecraft:golden_chestplate":1,"minecraft:golden_shovel":11,"minecraft:granite":2,"minecraft:iron_hoe":24,"minecraft:iron_axe":522,"minecraft:rooted_dirt":78,"minecraft:cherry_slab":174,"minecraft:cherry_trapdoor":80,"minecraft:iron_boots":2,"minecraft:beef":5,"minecraft:cooked_beef":1,"minecraft:cobbled_deepslate":5,"minecraft:cherry_log":14,"minecraft:golden_axe":5,"minecraft:iron_leggings":1,"minecraft:wheat_seeds":1,"minecraft:cooked_mutton":5,"minecraft:water_bucket":15,"minecraft:cherry_planks":23,"minecraft:leather_boots":1,"minecraft:oak_slab":105,"minecraft:crafting_table":24,"minecraft:white_bed":9,"minecraft:spruce_log":2,"minecraft:oak_log":1,"minecraft:apple":9,"minecraft:cherry_door":1,"minecraft:iron_pickaxe":525,"minecraft:leather_helmet":1,"minecraft:cherry_chest_boat":6,"minecraft:spruce_sapling":3,"minecraft:golden_leggings":2,"minecraft:stone_axe":103,"minecraft:cobblestone":131,"minecraft:porkchop":19,"minecraft:cooked_porkchop":6,"minecraft:bucket":17,"minecraft:yellow_bed":15},"minecraft:mined":{"minecraft:spruce_planks":9,"minecraft:white_bed":8,"minecraft:farmland":4,"minecraft:cherry_log":147,"minecraft:brewing_stand":2,"minecraft:cherry_trapdoor":4,"minecraft:granite":7,"minecraft:grass_block":475,"minecraft:composter":2,"minecraft:tall_seagrass":3,"minecraft:iron_ore":165,"minecraft:fire":33,"minecraft:flowering_azalea_leaves":3,"minecraft:dirt_path":141,"minecraft:oak_stairs":4,"minecraft:azalea_leaves":7,"minecraft:spruce_slab":39,"minecraft:deepslate_redstone_ore":10,"minecraft:torch":7,"minecraft:blast_furnace":3,"minecraft:chest":1,"minecraft:cobblestone":74,"minecraft:sugar_cane":20,"minecraft:oak_planks":30,"minecraft:wall_torch":6,"minecraft:cherry_slab":6,"minecraft:pink_petals":1,"minecraft:seagrass":1,"minecraft:dark_oak_door":1,"minecraft:yellow_wool":3,"minecraft:wheat":1,"minecraft:oak_log":99,"minecraft:sand":156,"minecraft:dirt":533,"minecraft:oak_leaves":63,"minecraft:deepslate":8,"minecraft:diamond_ore":1,"minecraft:mossy_cobblestone":3,"minecraft:dark_oak_leaves":106,"minecraft:deepslate_diamond_ore":1,"minecraft:oak_door":10,"minecraft:cherry_sapling":4,"minecraft:ladder":1,"minecraft:jungle_planks":1,"minecraft:spruce_leaves":76,"minecraft:sandstone":39,"minecraft:rooted_dirt":92,"minecraft:hay_block":67,"minecraft:redstone_ore":2,"minecraft:furnace":3,"minecraft:carrots":59,"minecraft:andesite":1,"minecraft:gold_block":2,"minecraft:bell":2,"minecraft:bookshelf":4,"minecraft:potatoes":1,"minecraft:deepslate_iron_ore":17,"minecraft:stripped_oak_log":16,"minecraft:stone":694,"minecraft:smithing_table":1,"minecraft:oak_slab":10,"minecraft:glass_pane":4,"minecraft:cherry_planks":12,"minecraft:crafting_table":20,"minecraft:short_grass":55,"minecraft:lectern":1,"minecraft:tall_grass":2,"minecraft:copper_ore":7,"minecraft:lapis_ore":12,"minecraft:deepslate_gold_ore":1,"minecraft:diorite":1,"minecraft:spruce_stairs":1,"minecraft:spruce_log":24,"minecraft:birch_leaves":3,"minecraft:yellow_bed":14,"minecraft:coal_ore":76,"minecraft:cherry_leaves":61,"minecraft:gravel":59,"minecraft:gold_ore":9}},"DataVersion":3953}