{"stats":{"minecraft:mined":{"minecraft:grass_block":8,"minecraft:oak_log":15,"minecraft:dirt":24,"minecraft:stone":32,"minecraft:oak_leaves":5},"minecraft:used":{"minecraft:stone_axe":14,"minecraft:dirt":5,"minecraft:crafting_table":1,"minecraft:stone_shovel":28,"minecraft:wooden_pickaxe":32},"minecraft:custom":{"minecraft:time_since_rest":11252,"minecraft:crouch_one_cm":6652,"minecraft:play_time":11252,"minecraft:sprint_one_cm":9015,"minecraft:damage_taken":45,"minecraft:walk_one_cm":5669,"minecraft:sneak_time":2206,"minecraft:drop":1,"minecraft:jump":75,"minecraft:time_since_death":11252,"minecraft:total_world_time":11252,"minecraft:interact_with_crafting_table":2,"minecraft:fall_one_cm":2334,"minecraft:fly_one_cm":13628},"minecraft:dropped":{"minecraft:wooden_pickaxe":1},"minecraft:crafted":{"minecraft:stone_sword":1,"minecraft:oak_planks":16,"minecraft:stone_shovel":1,"minecraft:stone_axe":1,"minecraft:crafting_table":1,"minecraft:stick":12,"minecraft:stone_pickaxe":1,"minecraft:wooden_pickaxe":1},"minecraft:picked_up":{"minecraft:oak_log":15,"minecraft:dirt":24,"minecraft:cobblestone":33}},"DataVersion":3953}