{"stats":{"minecraft:dropped":{"minecraft:porkchop":2,"minecraft:wheat_seeds":7,"minecraft:clock":2,"minecraft:lapis_lazuli":3,"minecraft:golden_helmet":1,"minecraft:golden_axe":1,"minecraft:feather":11,"minecraft:prismarine_crystals":1,"minecraft:stick":9,"minecraft:flint":1,"minecraft:dirt":22,"minecraft:cooked_salmon":11,"minecraft:potion":1,"minecraft:sand":4,"minecraft:iron_pickaxe":1,"minecraft:fishing_rod":2,"minecraft:gold_ingot":4,"minecraft:bone":3,"minecraft:oak_door":2,"minecraft:dark_oak_door":1,"minecraft:furnace":2,"minecraft:stone_axe":2,"minecraft:iron_nugget":18,"minecraft:stone_sword":2,"minecraft:raw_copper":3,"minecraft:bowl":2,"minecraft:white_bed":1,"minecraft:filled_map":7,"minecraft:leather_chestplate":1,"minecraft:andesite":1,"minecraft:jungle_log":1,"minecraft:yellow_bed":1,"minecraft:oak_boat":1,"minecraft:leather_leggings":1,"minecraft:bamboo":128,"minecraft:sandstone":27,"minecraft:wooden_pickaxe":1,"minecraft:arrow":3,"minecraft:stone_pickaxe":1},"minecraft:crafted":{"minecraft:oak_door":3,"minecraft:oak_planks":100,"minecraft:stone_shovel":1,"minecraft:furnace":1,"minecraft:cooked_mutton":3,"minecraft:iron_boots":1,"minecraft:iron_axe":1,"minecraft:stone_pickaxe":1,"minecraft:stone_hoe":1,"minecraft:wheat":279,"minecraft:cooked_beef":4,"minecraft:crafting_table":4,"minecraft:wooden_pickaxe":1,"minecraft:iron_helmet":1,"minecraft:gold_block":1,"minecraft:fletching_table":2,"minecraft:bucket":2,"minecraft:stone_axe":1,"minecraft:bread":101,"minecraft:air":0,"minecraft:oak_boat":1,"minecraft:iron_chestplate":1,"minecraft:shield":1,"minecraft:stick":36,"minecraft:iron_ingot":13,"minecraft:iron_pickaxe":1,"minecraft:stone_sword":1,"minecraft:iron_leggings":1,"minecraft:gold_ingot":36,"minecraft:white_bed":1,"minecraft:torch":48},"minecraft:picked_up":{"minecraft:fishing_rod":2,"minecraft:charcoal":1,"minecraft:crafting_table":11,"minecraft:gold_block":3,"minecraft:potion":1,"minecraft:raw_copper":3,"minecraft:cooked_salmon":8,"minecraft:beef":5,"minecraft:oak_boat":13,"minecraft:iron_nugget":12,"minecraft:iron_pickaxe":1,"minecraft:light_gray_wool":2,"minecraft:lectern":1,"minecraft:chest":5,"minecraft:sugar_cane":80,"minecraft:furnace":5,"minecraft:dark_oak_door":1,"minecraft:stick":8,"minecraft:sandstone":145,"minecraft:oak_door":17,"minecraft:torch":11,"minecraft:porkchop":3,"minecraft:cherry_log":21,"minecraft:prismarine_crystals":1,"minecraft:dark_oak_planks":1,"minecraft:stone_sword":2,"minecraft:arrow":3,"minecraft:hay_block":50,"minecraft:gold_ingot":16,"minecraft:mutton":4,"minecraft:cobblestone":129,"minecraft:white_wool":4,"minecraft:clock":1,"minecraft:jungle_log":1,"minecraft:water_bucket":1,"minecraft:andesite":2,"minecraft:filled_map":2,"minecraft:flint":5,"minecraft:oak_log":25,"minecraft:yellow_bed":1,"minecraft:dirt":34,"minecraft:cooked_mutton":1,"minecraft:coast_armor_trim_smithing_template":2,"minecraft:bone":3,"minecraft:wheat_seeds":7,"minecraft:iron_ingot":21,"minecraft:stone_pickaxe":1,"minecraft:mossy_stone_bricks":1,"minecraft:bamboo":255,"minecraft:dark_oak_stairs":1,"minecraft:book":12,"minecraft:sweet_berries":62,"minecraft:gravel":30,"minecraft:sand":85,"minecraft:spruce_sapling":4,"minecraft:white_bed":10,"minecraft:diamond":2,"minecraft:stone_axe":1,"minecraft:cherry_sapling":23,"minecraft:emerald":21,"minecraft:coal":18},"minecraft:killed":{"minecraft:pig":2,"minecraft:sheep":3,"minecraft:zombie":1,"minecraft:wither_skeleton":1,"minecraft:cow":2},"minecraft:custom":{"minecraft:mob_kills":9,"minecraft:interact_with_crafting_table":20,"minecraft:leave_game":3,"minecraft:time_since_death":160012,"minecraft:climb_one_cm":16,"minecraft:sprint_one_cm":427953,"minecraft:walk_one_cm":143115,"minecraft:damage_blocked_by_shield":1345,"minecraft:drop":60,"minecraft:play_time":160012,"minecraft:sneak_time":5509,"minecraft:walk_under_water_one_cm":108663,"minecraft:boat_one_cm":853499,"minecraft:jump":3874,"minecraft:walk_on_water_one_cm":51062,"minecraft:total_world_time":160012,"minecraft:interact_with_furnace":15,"minecraft:sleep_in_bed":12,"minecraft:time_since_rest":11869,"minecraft:damage_taken":1683,"minecraft:damage_dealt":1182,"minecraft:swim_one_cm":193839,"minecraft:fly_one_cm":693552,"minecraft:open_chest":43,"minecraft:crouch_one_cm":9513,"minecraft:fall_one_cm":80034},"minecraft:used":{"minecraft:stone_sword":63,"minecraft:flint_and_steel":1,"minecraft:stone_shovel":46,"minecraft:chest":3,"minecraft:shield":12,"minecraft:stone_hoe":21,"minecraft:oak_door":16,"minecraft:torch":2,"minecraft:dirt":12,"minecraft:carrot":5,"minecraft:dark_oak_planks":1,"minecraft:lava_bucket":12,"minecraft:iron_axe":35,"minecraft:furnace":3,"minecraft:cooked_beef":4,"minecraft:golden_axe":25,"minecraft:cooked_mutton":4,"minecraft:water_bucket":11,"minecraft:stone_pickaxe":99,"minecraft:wooden_pickaxe":31,"minecraft:sandstone":92,"minecraft:sand":26,"minecraft:crafting_table":14,"minecraft:white_bed":9,"minecraft:bread":29,"minecraft:suspicious_stew":2,"minecraft:iron_pickaxe":60,"minecraft:gravel":30,"minecraft:stone_axe":32,"minecraft:cobblestone":94,"minecraft:porkchop":1,"minecraft:bucket":24,"minecraft:andesite":1,"minecraft:oak_boat":11},"minecraft:mined":{"minecraft:dark_oak_planks":2,"minecraft:white_bed":9,"minecraft:oak_door":11,"minecraft:cherry_log":21,"minecraft:jungle_leaves":1,"minecraft:grass_block":15,"minecraft:jungle_planks":2,"minecraft:jungle_log":1,"minecraft:spruce_leaves":33,"minecraft:sandstone":56,"minecraft:large_fern":5,"minecraft:hay_block":50,"minecraft:furnace":3,"minecraft:fire":2,"minecraft:andesite":1,"minecraft:gold_block":3,"minecraft:dark_oak_stairs":1,"minecraft:bookshelf":4,"minecraft:bamboo":54,"minecraft:stone":90,"minecraft:crafting_table":12,"minecraft:torch":1,"minecraft:short_grass":16,"minecraft:chest":4,"minecraft:lectern":1,"minecraft:cobblestone":17,"minecraft:sugar_cane":11,"minecraft:spruce_stairs":1,"minecraft:seagrass":1,"minecraft:dark_oak_door":1,"minecraft:sweet_berry_bush":29,"minecraft:ice":3,"minecraft:birch_leaves":2,"minecraft:yellow_bed":1,"minecraft:oak_log":25,"minecraft:coal_ore":8,"minecraft:cherry_leaves":31,"minecraft:gravel":35,"minecraft:sand":36,"minecraft:dirt":28,"minecraft:mossy_stone_bricks":1,"minecraft:oak_leaves":7,"minecraft:fern":1}},"DataVersion":3953}