{"stats":{"minecraft:mined":{"minecraft:dark_oak_planks":1,"minecraft:oak_door":4,"minecraft:crafting_table":6,"minecraft:short_grass":3,"minecraft:grass_block":4,"minecraft:chest":1,"minecraft:cobblestone":1,"minecraft:sandstone":15,"minecraft:spruce_stairs":1,"minecraft:furnace":1,"minecraft:dark_oak_door":1,"minecraft:andesite":1,"minecraft:oak_log":25,"minecraft:coal_ore":2,"minecraft:sand":19,"minecraft:dirt":6,"minecraft:stone":53,"minecraft:oak_leaves":1},"minecraft:used":{"minecraft:stone_sword":6,"minecraft:stone_pickaxe":45,"minecraft:wooden_pickaxe":31,"minecraft:shield":11,"minecraft:sandstone":8,"minecraft:oak_door":4,"minecraft:sand":13,"minecraft:crafting_table":7,"minecraft:dark_oak_planks":1,"minecraft:suspicious_stew":2,"minecraft:stone_axe":32,"minecraft:cobblestone":36,"minecraft:furnace":1,"minecraft:andesite":1,"minecraft:oak_boat":1,"minecraft:cooked_beef":4},"minecraft:custom":{"minecraft:interact_with_furnace":9,"minecraft:mob_kills":6,"minecraft:interact_with_crafting_table":7,"minecraft:leave_game":1,"minecraft:time_since_death":32984,"minecraft:time_since_rest":32984,"minecraft:sprint_one_cm":71213,"minecraft:damage_taken":533,"minecraft:walk_one_cm":28213,"minecraft:damage_blocked_by_shield":1320,"minecraft:drop":7,"minecraft:damage_dealt":739,"minecraft:swim_one_cm":57420,"minecraft:fly_one_cm":64899,"minecraft:open_chest":8,"minecraft:crouch_one_cm":345,"minecraft:play_time":32984,"minecraft:sneak_time":480,"minecraft:walk_under_water_one_cm":23285,"minecraft:boat_one_cm":135546,"minecraft:jump":484,"minecraft:walk_on_water_one_cm":14953,"minecraft:total_world_time":32984,"minecraft:fall_one_cm":9349},"minecraft:crafted":{"minecraft:cooked_beef":4,"minecraft:oak_door":3,"minecraft:oak_planks":100,"minecraft:crafting_table":3,"minecraft:wooden_pickaxe":1,"minecraft:furnace":1,"minecraft:stone_axe":1,"minecraft:air":0,"minecraft:oak_boat":1,"minecraft:shield":1,"minecraft:iron_axe":1,"minecraft:stick":12,"minecraft:iron_pickaxe":1,"minecraft:stone_pickaxe":1,"minecraft:stone_sword":1},"minecraft:dropped":{"minecraft:oak_door":1,"minecraft:wheat_seeds":3,"minecraft:bowl":2,"minecraft:filled_map":2},"minecraft:picked_up":{"minecraft:charcoal":1,"minecraft:crafting_table":4,"minecraft:andesite":1,"minecraft:filled_map":1,"minecraft:oak_log":25,"minecraft:dirt":11,"minecraft:wheat_seeds":3,"minecraft:beef":5,"minecraft:light_gray_wool":1,"minecraft:chest":1,"minecraft:furnace":1,"minecraft:dark_oak_door":1,"minecraft:sandstone":15,"minecraft:oak_door":4,"minecraft:porkchop":1,"minecraft:sand":20,"minecraft:dark_oak_planks":1,"minecraft:mutton":4,"minecraft:coal":2,"minecraft:white_wool":2,"minecraft:cobblestone":54},"minecraft:killed":{"minecraft:sheep":3,"minecraft:zombie":1,"minecraft:cow":2}},"DataVersion":3953}