{"stats":{"minecraft:custom":{"minecraft:mob_kills":19,"minecraft:interact_with_crafting_table":36,"minecraft:leave_game":10,"minecraft:time_since_death":70579,"minecraft:climb_one_cm":4113,"minecraft:sprint_one_cm":821566,"minecraft:walk_one_cm":248214,"minecraft:damage_blocked_by_shield":1592,"minecraft:drop":82,"minecraft:play_time":342692,"minecraft:sneak_time":81848,"minecraft:deaths":5,"minecraft:walk_under_water_one_cm":121484,"minecraft:boat_one_cm":894668,"minecraft:jump":6056,"minecraft:walk_on_water_one_cm":73785,"minecraft:total_world_time":342692,"minecraft:interact_with_furnace":25,"minecraft:tune_noteblock":3,"minecraft:interact_with_stonecutter":1,"minecraft:sleep_in_bed":20,"minecraft:time_since_rest":5407,"minecraft:damage_taken":4307,"minecraft:damage_dealt":3268,"minecraft:swim_one_cm":227043,"minecraft:fly_one_cm":1097772,"minecraft:open_chest":110,"minecraft:crouch_one_cm":385321,"minecraft:fall_one_cm":135644},"minecraft:crafted":{"minecraft:cherry_planks":84,"minecraft:oak_door":3,"minecraft:oak_planks":100,"minecraft:stone_shovel":1,"minecraft:cherry_slab":12,"minecraft:furnace":3,"minecraft:diamond_shovel":1,"minecraft:bookshelf":3,"minecraft:cooked_mutton":3,"minecraft:diamond_helmet":1,"minecraft:diamond_leggings":1,"minecraft:iron_boots":1,"minecraft:iron_axe":1,"minecraft:stone_pickaxe":1,"minecraft:chest":2,"minecraft:diamond_boots":1,"minecraft:stone_hoe":1,"minecraft:gray_bed":1,"minecraft:wheat":558,"minecraft:cooked_beef":4,"minecraft:diamond_sword":1,"minecraft:diamond_axe":1,"minecraft:crafting_table":5,"minecraft:wooden_pickaxe":1,"minecraft:iron_helmet":1,"minecraft:fletching_table":2,"minecraft:gold_block":1,"minecraft:bucket":2,"minecraft:stone_axe":1,"minecraft:bread":194,"minecraft:air":0,"minecraft:oak_boat":1,"minecraft:lectern":3,"minecraft:iron_chestplate":1,"minecraft:diamond_pickaxe":2,"minecraft:shield":1,"minecraft:stick":47,"minecraft:iron_ingot":15,"minecraft:iron_pickaxe":2,"minecraft:stone_sword":1,"minecraft:iron_leggings":1,"minecraft:gold_ingot":36,"minecraft:white_bed":1,"minecraft:torch":48,"minecraft:diamond_chestplate":1},"minecraft:picked_up":{"minecraft:fishing_rod":2,"minecraft:charcoal":1,"minecraft:crafting_table":11,"minecraft:suspicious_stew":2,"minecraft:lead":1,"minecraft:packed_ice":12,"minecraft:potion":6,"minecraft:gold_block":3,"minecraft:enchanted_book":5,"minecraft:shield":2,"minecraft:amethyst_block":5,"minecraft:cooked_salmon":8,"minecraft:raw_copper":3,"minecraft:iron_axe":2,"minecraft:iron_leggings":1,"minecraft:sculk_shrieker":6,"minecraft:diamond_leggings":2,"minecraft:cobbled_deepslate":359,"minecraft:bucket":1,"minecraft:beef":5,"minecraft:echo_shard":6,"minecraft:oak_boat":14,"minecraft:iron_nugget":12,"minecraft:iron_pickaxe":7,"minecraft:light_gray_wool":2,"minecraft:lectern":1,"minecraft:sugar_cane":85,"minecraft:chest":12,"minecraft:diamond_hoe":3,"minecraft:furnace":5,"minecraft:dark_oak_door":1,"minecraft:stick":8,"minecraft:raw_iron":2,"minecraft:sandstone":147,"minecraft:oak_door":17,"minecraft:torch":63,"minecraft:porkchop":14,"minecraft:cherry_log":21,"minecraft:diorite":1,"minecraft:prismarine_crystals":1,"minecraft:dark_oak_planks":1,"minecraft:stone_sword":2,"minecraft:arrow":3,"minecraft:rotten_flesh":1,"minecraft:diamond_chestplate":2,"minecraft:diamond_boots":2,"minecraft:hay_block":81,"minecraft:gold_ingot":16,"minecraft:glow_berries":5,"minecraft:mutton":4,"minecraft:snowball":45,"minecraft:white_wool":4,"minecraft:cobblestone":312,"minecraft:clock":1,"minecraft:golden_carrot":16,"minecraft:andesite":2,"minecraft:water_bucket":2,"minecraft:jungle_log":1,"minecraft:filled_map":2,"minecraft:flint":5,"minecraft:tuff":15,"minecraft:oak_log":25,"minecraft:yellow_bed":1,"minecraft:sculk_vein":2,"minecraft:dirt":102,"minecraft:disc_fragment_5":2,"minecraft:cooked_mutton":1,"minecraft:coast_armor_trim_smithing_template":2,"minecraft:bone":22,"minecraft:wheat_seeds":11,"minecraft:iron_ingot":21,"minecraft:stone_pickaxe":1,"minecraft:mossy_stone_bricks":1,"minecraft:diamond_helmet":2,"minecraft:bamboo":255,"minecraft:gray_bed":2,"minecraft:stone_hoe":1,"minecraft:oak_planks":2,"minecraft:dark_oak_stairs":1,"minecraft:book":88,"minecraft:sculk_catalyst":1,"minecraft:music_disc_13":2,"minecraft:sweet_berries":62,"minecraft:sculk":6,"minecraft:dandelion":4,"minecraft:gravel":31,"minecraft:sand":85,"minecraft:amethyst_shard":24,"minecraft:soul_torch":11,"minecraft:spruce_sapling":4,"minecraft:ink_sac":1,"minecraft:white_bed":11,"minecraft:sculk_sensor":5,"minecraft:diamond":36,"minecraft:stone_axe":1,"minecraft:cherry_sapling":24,"minecraft:gray_wool":3,"minecraft:emerald":21,"minecraft:bread":100,"minecraft:baked_potato":10,"minecraft:coal":59,"minecraft:diamond_pickaxe":2},"minecraft:mined":{"minecraft:dark_oak_planks":2,"minecraft:large_amethyst_bud":3,"minecraft:tuff":8,"minecraft:white_bed":10,"minecraft:deepslate_diamond_ore":34,"minecraft:oak_door":11,"minecraft:sculk_vein":12,"minecraft:cherry_log":21,"minecraft:cherry_sapling":1,"minecraft:jungle_leaves":1,"minecraft:budding_amethyst":2,"minecraft:grass_block":19,"minecraft:jungle_planks":2,"minecraft:jungle_log":1,"minecraft:spruce_leaves":33,"minecraft:sandstone":58,"minecraft:large_fern":5,"minecraft:hay_block":81,"minecraft:sculk_catalyst":1,"minecraft:furnace":3,"minecraft:fire":2,"minecraft:cobbled_deepslate":61,"minecraft:andesite":1,"minecraft:gold_block":3,"minecraft:dark_oak_stairs":1,"minecraft:sculk_shrieker":13,"minecraft:bookshelf":21,"minecraft:dirt_path":9,"minecraft:deepslate_iron_ore":2,"minecraft:small_amethyst_bud":3,"minecraft:bamboo":54,"minecraft:stone":222,"minecraft:amethyst_cluster":6,"minecraft:medium_amethyst_bud":3,"minecraft:dandelion":3,"minecraft:crafting_table":12,"minecraft:torch":1,"minecraft:short_grass":19,"minecraft:chest":11,"minecraft:sculk_sensor":6,"minecraft:lectern":1,"minecraft:cobblestone":29,"minecraft:oak_planks":2,"minecraft:sugar_cane":15,"minecraft:sculk":17,"minecraft:diorite":1,"minecraft:amethyst_block":9,"minecraft:skeleton_skull":1,"minecraft:spruce_stairs":1,"minecraft:seagrass":1,"minecraft:gray_wool":3,"minecraft:dark_oak_door":1,"minecraft:sweet_berry_bush":29,"minecraft:ice":3,"minecraft:birch_leaves":2,"minecraft:gray_bed":2,"minecraft:yellow_bed":1,"minecraft:coal_ore":12,"minecraft:oak_log":25,"minecraft:gravel":36,"minecraft:cherry_leaves":31,"minecraft:dirt":91,"minecraft:sand":36,"minecraft:mossy_stone_bricks":1,"minecraft:oak_leaves":13,"minecraft:deepslate":161,"minecraft:fern":1},"minecraft:broken":{"minecraft:iron_pickaxe":1},"minecraft:killed_by":{"minecraft:warden":4},"minecraft:dropped":{"minecraft:stone_hoe":1,"minecraft:porkchop":2,"minecraft:wheat_seeds":11,"minecraft:lapis_lazuli":3,"minecraft:clock":2,"minecraft:golden_helmet":1,"minecraft:feather":11,"minecraft:golden_axe":1,"minecraft:cobblestone":47,"minecraft:prismarine_crystals":1,"minecraft:book":2,"minecraft:stick":9,"minecraft:flint":1,"minecraft:dirt":24,"minecraft:packed_ice":12,"minecraft:ink_sac":1,"minecraft:cooked_salmon":11,"minecraft:potion":2,"minecraft:iron_leggings":1,"minecraft:sand":4,"minecraft:iron_pickaxe":5,"minecraft:fishing_rod":2,"minecraft:bone":3,"minecraft:dandelion":1,"minecraft:gold_ingot":4,"minecraft:oak_door":2,"minecraft:dark_oak_door":1,"minecraft:furnace":2,"minecraft:stone_axe":2,"minecraft:iron_nugget":18,"minecraft:stone_sword":2,"minecraft:cobbled_deepslate":45,"minecraft:raw_copper":3,"minecraft:bowl":2,"minecraft:rotten_flesh":1,"minecraft:white_bed":1,"minecraft:filled_map":7,"minecraft:leather_chestplate":1,"minecraft:andesite":1,"minecraft:jungle_log":1,"minecraft:yellow_bed":1,"minecraft:oak_boat":1,"minecraft:leather_leggings":1,"minecraft:bamboo":128,"minecraft:sandstone":27,"minecraft:arrow":3,"minecraft:stone_pickaxe":1,"minecraft:wooden_pickaxe":1},"minecraft:killed":{"minecraft:skeleton":3,"minecraft:pig":6,"minecraft:sheep":3,"minecraft:zombie":3,"minecraft:wither_skeleton":1,"minecraft:cow":2},"minecraft:used":{"minecraft:cherry_sapling":24,"minecraft:stone_sword":63,"minecraft:flint_and_steel":1,"minecraft:stone_shovel":46,"minecraft:diamond_hoe":57,"minecraft:chest":12,"minecraft:shield":18,"minecraft:stone_hoe":23,"minecraft:oak_door":16,"minecraft:torch":37,"minecraft:dirt":21,"minecraft:carrot":5,"minecraft:tuff":3,"minecraft:obsidian":2,"minecraft:dark_oak_planks":1,"minecraft:lava_bucket":12,"minecraft:iron_axe":99,"minecraft:golden_carrot":7,"minecraft:furnace":5,"minecraft:gray_bed":3,"minecraft:cooked_beef":4,"minecraft:cobbled_deepslate":200,"minecraft:golden_axe":25,"minecraft:cooked_mutton":4,"minecraft:water_bucket":33,"minecraft:stone_pickaxe":99,"minecraft:wooden_pickaxe":31,"minecraft:sandstone":114,"minecraft:sugar_cane":45,"minecraft:sand":26,"minecraft:crafting_table":16,"minecraft:white_bed":11,"minecraft:diamond_pickaxe":58,"minecraft:diamond_shovel":62,"minecraft:suspicious_stew":2,"minecraft:iron_pickaxe":463,"minecraft:bread":51,"minecraft:spruce_sapling":4,"minecraft:gravel":31,"minecraft:stone_axe":32,"minecraft:cobblestone":184,"minecraft:porkchop":1,"minecraft:andesite":1,"minecraft:bucket":45,"minecraft:oak_boat":12,"minecraft:dandelion":3}},"DataVersion":3953}