{"stats":{"minecraft:mined":{"minecraft:dark_oak_planks":2,"minecraft:white_bed":7,"minecraft:oak_door":11,"minecraft:grass_block":9,"minecraft:jungle_planks":2,"minecraft:spruce_leaves":33,"minecraft:sandstone":18,"minecraft:large_fern":5,"minecraft:hay_block":50,"minecraft:furnace":3,"minecraft:andesite":1,"minecraft:gold_block":2,"minecraft:dark_oak_stairs":1,"minecraft:bookshelf":4,"minecraft:bamboo":54,"minecraft:stone":90,"minecraft:crafting_table":11,"minecraft:torch":1,"minecraft:short_grass":13,"minecraft:chest":4,"minecraft:lectern":1,"minecraft:cobblestone":1,"minecraft:sugar_cane":11,"minecraft:spruce_stairs":1,"minecraft:seagrass":1,"minecraft:dark_oak_door":1,"minecraft:sweet_berry_bush":29,"minecraft:ice":3,"minecraft:yellow_bed":1,"minecraft:oak_log":25,"minecraft:coal_ore":8,"minecraft:gravel":35,"minecraft:sand":34,"minecraft:dirt":23,"minecraft:mossy_stone_bricks":1,"minecraft:oak_leaves":6,"minecraft:fern":1},"minecraft:custom":{"minecraft:mob_kills":8,"minecraft:interact_with_crafting_table":19,"minecraft:leave_game":2,"minecraft:time_since_death":130011,"minecraft:climb_one_cm":0,"minecraft:sprint_one_cm":335753,"minecraft:walk_one_cm":106180,"minecraft:damage_blocked_by_shield":1320,"minecraft:drop":52,"minecraft:play_time":130011,"minecraft:sneak_time":3510,"minecraft:walk_under_water_one_cm":95554,"minecraft:boat_one_cm":727176,"minecraft:jump":3070,"minecraft:walk_on_water_one_cm":45384,"minecraft:total_world_time":130011,"minecraft:interact_with_furnace":15,"minecraft:sleep_in_bed":10,"minecraft:time_since_rest":6466,"minecraft:damage_taken":1199,"minecraft:damage_dealt":1062,"minecraft:swim_one_cm":185112,"minecraft:fly_one_cm":576601,"minecraft:open_chest":40,"minecraft:crouch_one_cm":3778,"minecraft:fall_one_cm":59237},"minecraft:used":{"minecraft:stone_sword":63,"minecraft:stone_shovel":36,"minecraft:chest":3,"minecraft:shield":11,"minecraft:stone_hoe":21,"minecraft:oak_door":15,"minecraft:torch":2,"minecraft:dirt":12,"minecraft:carrot":5,"minecraft:dark_oak_planks":1,"minecraft:iron_axe":10,"minecraft:furnace":3,"minecraft:cooked_beef":4,"minecraft:golden_axe":25,"minecraft:cooked_mutton":4,"minecraft:stone_pickaxe":99,"minecraft:wooden_pickaxe":31,"minecraft:sandstone":38,"minecraft:sand":26,"minecraft:crafting_table":13,"minecraft:white_bed":7,"minecraft:bread":17,"minecraft:iron_pickaxe":3,"minecraft:suspicious_stew":2,"minecraft:gravel":30,"minecraft:stone_axe":32,"minecraft:cobblestone":71,"minecraft:porkchop":1,"minecraft:andesite":1,"minecraft:oak_boat":11},"minecraft:dropped":{"minecraft:wheat_seeds":7,"minecraft:clock":2,"minecraft:lapis_lazuli":3,"minecraft:golden_helmet":1,"minecraft:golden_axe":1,"minecraft:feather":11,"minecraft:prismarine_crystals":1,"minecraft:stick":9,"minecraft:flint":1,"minecraft:cooked_salmon":11,"minecraft:potion":1,"minecraft:iron_pickaxe":1,"minecraft:fishing_rod":2,"minecraft:gold_ingot":4,"minecraft:bone":3,"minecraft:oak_door":2,"minecraft:dark_oak_door":1,"minecraft:furnace":2,"minecraft:stone_axe":2,"minecraft:iron_nugget":12,"minecraft:stone_sword":2,"minecraft:raw_copper":3,"minecraft:bowl":2,"minecraft:white_bed":1,"minecraft:filled_map":6,"minecraft:leather_chestplate":1,"minecraft:andesite":1,"minecraft:yellow_bed":1,"minecraft:oak_boat":1,"minecraft:leather_leggings":1,"minecraft:bamboo":128,"minecraft:sandstone":27,"minecraft:arrow":3,"minecraft:wooden_pickaxe":1},"minecraft:crafted":{"minecraft:oak_door":3,"minecraft:oak_planks":100,"minecraft:stone_shovel":1,"minecraft:furnace":1,"minecraft:cooked_mutton":3,"minecraft:iron_boots":1,"minecraft:iron_axe":1,"minecraft:stone_pickaxe":1,"minecraft:stone_hoe":1,"minecraft:wheat":279,"minecraft:cooked_beef":4,"minecraft:crafting_table":3,"minecraft:wooden_pickaxe":1,"minecraft:iron_helmet":1,"minecraft:fletching_table":2,"minecraft:gold_block":1,"minecraft:stone_axe":1,"minecraft:bread":101,"minecraft:air":0,"minecraft:oak_boat":1,"minecraft:iron_chestplate":1,"minecraft:shield":1,"minecraft:stick":36,"minecraft:iron_ingot":7,"minecraft:iron_pickaxe":1,"minecraft:stone_sword":1,"minecraft:iron_leggings":1,"minecraft:white_bed":1,"minecraft:torch":48},"minecraft:picked_up":{"minecraft:fishing_rod":2,"minecraft:charcoal":1,"minecraft:crafting_table":10,"minecraft:gold_block":2,"minecraft:potion":1,"minecraft:raw_copper":3,"minecraft:cooked_salmon":8,"minecraft:beef":5,"minecraft:oak_boat":12,"minecraft:iron_nugget":12,"minecraft:iron_pickaxe":1,"minecraft:light_gray_wool":2,"minecraft:lectern":1,"minecraft:chest":5,"minecraft:sugar_cane":80,"minecraft:furnace":5,"minecraft:dark_oak_door":1,"minecraft:stick":8,"minecraft:sandstone":108,"minecraft:oak_door":15,"minecraft:torch":11,"minecraft:porkchop":3,"minecraft:prismarine_crystals":1,"minecraft:dark_oak_planks":1,"minecraft:stone_sword":2,"minecraft:arrow":3,"minecraft:hay_block":50,"minecraft:gold_ingot":16,"minecraft:mutton":4,"minecraft:cobblestone":115,"minecraft:white_wool":4,"minecraft:clock":1,"minecraft:andesite":2,"minecraft:filled_map":2,"minecraft:flint":5,"minecraft:oak_log":25,"minecraft:yellow_bed":1,"minecraft:dirt":34,"minecraft:cooked_mutton":1,"minecraft:coast_armor_trim_smithing_template":2,"minecraft:bone":3,"minecraft:wheat_seeds":7,"minecraft:iron_ingot":21,"minecraft:stone_pickaxe":1,"minecraft:mossy_stone_bricks":1,"minecraft:bamboo":255,"minecraft:dark_oak_stairs":1,"minecraft:book":12,"minecraft:sweet_berries":62,"minecraft:gravel":30,"minecraft:sand":81,"minecraft:spruce_sapling":4,"minecraft:white_bed":8,"minecraft:diamond":2,"minecraft:stone_axe":1,"minecraft:emerald":21,"minecraft:coal":18},"minecraft:killed":{"minecraft:pig":2,"minecraft:sheep":3,"minecraft:zombie":1,"minecraft:cow":2}},"DataVersion":3953}