{"stats":{"minecraft:mined":{"minecraft:furnace":1,"minecraft:crafting_table":2,"minecraft:short_grass":2,"minecraft:grass_block":3,"minecraft:oak_log":24,"minecraft:dirt":3,"minecraft:stone":30,"minecraft:oak_leaves":1},"minecraft:used":{"minecraft:stone_sword":1,"minecraft:stone_pickaxe":1,"minecraft:wooden_pickaxe":31,"minecraft:stone_axe":14,"minecraft:crafting_table":2,"minecraft:furnace":1},"minecraft:custom":{"minecraft:time_since_rest":9595,"minecraft:interact_with_furnace":9,"minecraft:sprint_one_cm":30269,"minecraft:damage_taken":10,"minecraft:walk_one_cm":10683,"minecraft:mob_kills":4,"minecraft:drop":2,"minecraft:damage_dealt":360,"minecraft:swim_one_cm":4959,"minecraft:interact_with_crafting_table":2,"minecraft:fly_one_cm":24653,"minecraft:crouch_one_cm":83,"minecraft:play_time":9595,"minecraft:sneak_time":40,"minecraft:walk_under_water_one_cm":373,"minecraft:jump":155,"minecraft:walk_on_water_one_cm":346,"minecraft:time_since_death":9595,"minecraft:total_world_time":9595,"minecraft:fall_one_cm":3940},"minecraft:dropped":{"minecraft:wheat_seeds":3},"minecraft:crafted":{"minecraft:cooked_beef":4,"minecraft:oak_planks":96,"minecraft:crafting_table":1,"minecraft:stick":8,"minecraft:wooden_pickaxe":1,"minecraft:stone_pickaxe":1,"minecraft:stone_sword":1,"minecraft:furnace":1,"minecraft:stone_axe":1,"minecraft:air":0},"minecraft:picked_up":{"minecraft:charcoal":1,"minecraft:crafting_table":2,"minecraft:oak_log":24,"minecraft:dirt":6,"minecraft:wheat_seeds":3,"minecraft:beef":5,"minecraft:mutton":3,"minecraft:white_wool":2,"minecraft:cobblestone":30,"minecraft:furnace":1},"minecraft:killed":{"minecraft:sheep":2,"minecraft:cow":2}},"DataVersion":3953}