{"stats":{"minecraft:mined":{"minecraft:dark_oak_planks":1,"minecraft:white_bed":3,"minecraft:oak_door":8,"minecraft:crafting_table":8,"minecraft:torch":1,"minecraft:short_grass":4,"minecraft:grass_block":8,"minecraft:chest":1,"minecraft:cobblestone":1,"minecraft:sandstone":18,"minecraft:spruce_stairs":1,"minecraft:furnace":2,"minecraft:dark_oak_door":1,"minecraft:ice":3,"minecraft:andesite":1,"minecraft:gold_block":2,"minecraft:oak_log":25,"minecraft:coal_ore":8,"minecraft:sand":31,"minecraft:dirt":23,"minecraft:stone":90,"minecraft:oak_leaves":1},"minecraft:custom":{"minecraft:interact_with_furnace":14,"minecraft:mob_kills":6,"minecraft:interact_with_crafting_table":11,"minecraft:leave_game":1,"minecraft:time_since_death":68984,"minecraft:sleep_in_bed":5,"minecraft:time_since_rest":61,"minecraft:sprint_one_cm":101875,"minecraft:damage_taken":959,"minecraft:walk_one_cm":53257,"minecraft:damage_blocked_by_shield":1320,"minecraft:drop":30,"minecraft:damage_dealt":854,"minecraft:swim_one_cm":147416,"minecraft:fly_one_cm":129525,"minecraft:open_chest":20,"minecraft:crouch_one_cm":919,"minecraft:play_time":68984,"minecraft:sneak_time":1879,"minecraft:walk_under_water_one_cm":77010,"minecraft:boat_one_cm":348332,"minecraft:jump":849,"minecraft:walk_on_water_one_cm":33643,"minecraft:total_world_time":68984,"minecraft:fall_one_cm":14795},"minecraft:used":{"minecraft:cooked_mutton":4,"minecraft:stone_sword":9,"minecraft:stone_pickaxe":98,"minecraft:wooden_pickaxe":31,"minecraft:shield":11,"minecraft:sandstone":14,"minecraft:oak_door":11,"minecraft:torch":2,"minecraft:dirt":12,"minecraft:sand":26,"minecraft:crafting_table":10,"minecraft:carrot":5,"minecraft:white_bed":3,"minecraft:dark_oak_planks":1,"minecraft:iron_axe":1,"minecraft:iron_pickaxe":2,"minecraft:suspicious_stew":2,"minecraft:stone_axe":32,"minecraft:cobblestone":71,"minecraft:furnace":2,"minecraft:porkchop":1,"minecraft:andesite":1,"minecraft:oak_boat":4,"minecraft:cooked_beef":4,"minecraft:golden_axe":5},"minecraft:crafted":{"minecraft:cooked_beef":4,"minecraft:oak_door":3,"minecraft:oak_planks":100,"minecraft:crafting_table":3,"minecraft:wooden_pickaxe":1,"minecraft:furnace":1,"minecraft:stone_axe":1,"minecraft:bread":8,"minecraft:cooked_mutton":3,"minecraft:air":0,"minecraft:oak_boat":1,"minecraft:shield":1,"minecraft:iron_axe":1,"minecraft:stick":36,"minecraft:iron_ingot":7,"minecraft:iron_pickaxe":1,"minecraft:stone_pickaxe":1,"minecraft:stone_sword":1,"minecraft:white_bed":1,"minecraft:torch":48},"minecraft:dropped":{"minecraft:oak_door":1,"minecraft:dark_oak_door":1,"minecraft:furnace":2,"minecraft:stone_axe":1,"minecraft:wheat_seeds":5,"minecraft:lapis_lazuli":3,"minecraft:iron_nugget":12,"minecraft:stone_sword":1,"minecraft:raw_copper":3,"minecraft:bowl":2,"minecraft:feather":11,"minecraft:prismarine_crystals":1,"minecraft:white_bed":1,"minecraft:stick":1,"minecraft:filled_map":3,"minecraft:andesite":1,"minecraft:oak_boat":1,"minecraft:cooked_salmon":8,"minecraft:potion":1,"minecraft:sandstone":27,"minecraft:arrow":3,"minecraft:wooden_pickaxe":1,"minecraft:iron_pickaxe":1,"minecraft:gold_ingot":4,"minecraft:bone":3},"minecraft:picked_up":{"minecraft:charcoal":1,"minecraft:crafting_table":8,"minecraft:andesite":2,"minecraft:gold_block":2,"minecraft:filled_map":2,"minecraft:potion":1,"minecraft:oak_log":25,"minecraft:dirt":34,"minecraft:raw_copper":3,"minecraft:cooked_salmon":8,"minecraft:cooked_mutton":1,"minecraft:bone":3,"minecraft:wheat_seeds":5,"minecraft:beef":5,"minecraft:oak_boat":5,"minecraft:iron_nugget":12,"minecraft:iron_pickaxe":1,"minecraft:light_gray_wool":2,"minecraft:sugar_cane":4,"minecraft:chest":2,"minecraft:furnace":4,"minecraft:dark_oak_door":1,"minecraft:sandstone":108,"minecraft:oak_door":10,"minecraft:torch":11,"minecraft:porkchop":1,"minecraft:sand":80,"minecraft:white_bed":3,"minecraft:prismarine_crystals":1,"minecraft:dark_oak_planks":1,"minecraft:stone_sword":1,"minecraft:arrow":3,"minecraft:stone_axe":1,"minecraft:gold_ingot":4,"minecraft:mutton":4,"minecraft:coal":18,"minecraft:white_wool":4,"minecraft:cobblestone":115},"minecraft:killed":{"minecraft:sheep":3,"minecraft:zombie":1,"minecraft:cow":2}},"DataVersion":3953}