{"stats":{"minecraft:mined":{"minecraft:dark_oak_planks":2,"minecraft:white_bed":4,"minecraft:oak_door":9,"minecraft:crafting_table":9,"minecraft:torch":1,"minecraft:short_grass":4,"minecraft:grass_block":8,"minecraft:jungle_planks":2,"minecraft:chest":2,"minecraft:cobblestone":1,"minecraft:spruce_leaves":33,"minecraft:sugar_cane":11,"minecraft:sandstone":18,"minecraft:large_fern":5,"minecraft:seagrass":1,"minecraft:spruce_stairs":1,"minecraft:furnace":2,"minecraft:dark_oak_door":1,"minecraft:sweet_berry_bush":29,"minecraft:ice":3,"minecraft:andesite":1,"minecraft:dark_oak_stairs":1,"minecraft:gold_block":2,"minecraft:oak_log":25,"minecraft:coal_ore":8,"minecraft:sand":33,"minecraft:dirt":23,"minecraft:stone":90,"minecraft:fern":1,"minecraft:oak_leaves":1},"minecraft:custom":{"minecraft:interact_with_furnace":14,"minecraft:mob_kills":8,"minecraft:interact_with_crafting_table":13,"minecraft:leave_game":2,"minecraft:time_since_death":94102,"minecraft:sleep_in_bed":7,"minecraft:time_since_rest":12644,"minecraft:sprint_one_cm":159804,"minecraft:damage_taken":1079,"minecraft:walk_one_cm":74059,"minecraft:damage_blocked_by_shield":1320,"minecraft:drop":40,"minecraft:damage_dealt":1054,"minecraft:swim_one_cm":151216,"minecraft:fly_one_cm":264922,"minecraft:open_chest":28,"minecraft:crouch_one_cm":956,"minecraft:play_time":94102,"minecraft:sneak_time":2026,"minecraft:walk_under_water_one_cm":85674,"minecraft:boat_one_cm":654970,"minecraft:jump":1336,"minecraft:walk_on_water_one_cm":39285,"minecraft:total_world_time":94102,"minecraft:fall_one_cm":23018},"minecraft:used":{"minecraft:cooked_mutton":4,"minecraft:stone_sword":9,"minecraft:stone_pickaxe":98,"minecraft:chest":1,"minecraft:wooden_pickaxe":31,"minecraft:shield":11,"minecraft:sandstone":14,"minecraft:oak_door":12,"minecraft:torch":2,"minecraft:dirt":12,"minecraft:sand":26,"minecraft:crafting_table":11,"minecraft:carrot":5,"minecraft:white_bed":4,"minecraft:dark_oak_planks":1,"minecraft:iron_axe":8,"minecraft:bread":6,"minecraft:iron_pickaxe":2,"minecraft:suspicious_stew":2,"minecraft:stone_axe":32,"minecraft:cobblestone":71,"minecraft:furnace":2,"minecraft:porkchop":1,"minecraft:andesite":1,"minecraft:oak_boat":9,"minecraft:cooked_beef":4,"minecraft:golden_axe":14},"minecraft:crafted":{"minecraft:cooked_beef":4,"minecraft:oak_door":3,"minecraft:oak_planks":100,"minecraft:crafting_table":3,"minecraft:wooden_pickaxe":1,"minecraft:iron_helmet":1,"minecraft:furnace":1,"minecraft:gold_block":1,"minecraft:stone_axe":1,"minecraft:bread":8,"minecraft:cooked_mutton":3,"minecraft:air":0,"minecraft:oak_boat":1,"minecraft:iron_boots":1,"minecraft:iron_chestplate":1,"minecraft:shield":1,"minecraft:iron_axe":1,"minecraft:stick":36,"minecraft:iron_ingot":7,"minecraft:iron_pickaxe":1,"minecraft:stone_pickaxe":1,"minecraft:stone_sword":1,"minecraft:iron_leggings":1,"minecraft:white_bed":1,"minecraft:torch":48},"minecraft:dropped":{"minecraft:oak_door":1,"minecraft:dark_oak_door":1,"minecraft:furnace":2,"minecraft:stone_axe":2,"minecraft:wheat_seeds":7,"minecraft:clock":2,"minecraft:golden_helmet":1,"minecraft:lapis_lazuli":3,"minecraft:iron_nugget":12,"minecraft:stone_sword":1,"minecraft:raw_copper":3,"minecraft:bowl":2,"minecraft:feather":11,"minecraft:prismarine_crystals":1,"minecraft:white_bed":1,"minecraft:stick":1,"minecraft:filled_map":5,"minecraft:leather_chestplate":1,"minecraft:andesite":1,"minecraft:oak_boat":1,"minecraft:cooked_salmon":8,"minecraft:potion":1,"minecraft:leather_leggings":1,"minecraft:sandstone":27,"minecraft:arrow":3,"minecraft:wooden_pickaxe":1,"minecraft:iron_pickaxe":1,"minecraft:gold_ingot":4,"minecraft:bone":3},"minecraft:picked_up":{"minecraft:charcoal":1,"minecraft:crafting_table":9,"minecraft:clock":1,"minecraft:andesite":2,"minecraft:gold_block":2,"minecraft:filled_map":2,"minecraft:potion":1,"minecraft:oak_log":25,"minecraft:dirt":34,"minecraft:raw_copper":3,"minecraft:cooked_salmon":8,"minecraft:cooked_mutton":1,"minecraft:bone":3,"minecraft:wheat_seeds":7,"minecraft:beef":5,"minecraft:oak_boat":10,"minecraft:iron_nugget":12,"minecraft:iron_pickaxe":1,"minecraft:light_gray_wool":2,"minecraft:sugar_cane":40,"minecraft:chest":3,"minecraft:dark_oak_stairs":1,"minecraft:furnace":4,"minecraft:dark_oak_door":1,"minecraft:sandstone":108,"minecraft:oak_door":11,"minecraft:sweet_berries":62,"minecraft:torch":11,"minecraft:porkchop":3,"minecraft:sand":81,"minecraft:spruce_sapling":4,"minecraft:white_bed":5,"minecraft:prismarine_crystals":1,"minecraft:dark_oak_planks":1,"minecraft:stone_sword":1,"minecraft:arrow":3,"minecraft:stone_axe":1,"minecraft:gold_ingot":4,"minecraft:mutton":4,"minecraft:coal":18,"minecraft:white_wool":4,"minecraft:cobblestone":115},"minecraft:killed":{"minecraft:pig":2,"minecraft:sheep":3,"minecraft:zombie":1,"minecraft:cow":2}},"DataVersion":3953}