{"stats":{"minecraft:dropped":{"minecraft:porkchop":2,"minecraft:wheat_seeds":7,"minecraft:clock":2,"minecraft:lapis_lazuli":3,"minecraft:golden_helmet":1,"minecraft:golden_axe":1,"minecraft:feather":11,"minecraft:prismarine_crystals":1,"minecraft:stick":9,"minecraft:flint":1,"minecraft:dirt":22,"minecraft:cooked_salmon":11,"minecraft:potion":1,"minecraft:sand":4,"minecraft:iron_pickaxe":1,"minecraft:fishing_rod":2,"minecraft:gold_ingot":4,"minecraft:bone":3,"minecraft:oak_door":2,"minecraft:dark_oak_door":1,"minecraft:furnace":2,"minecraft:stone_axe":2,"minecraft:iron_nugget":18,"minecraft:stone_sword":2,"minecraft:raw_copper":3,"minecraft:bowl":2,"minecraft:white_bed":1,"minecraft:filled_map":7,"minecraft:leather_chestplate":1,"minecraft:andesite":1,"minecraft:yellow_bed":1,"minecraft:oak_boat":1,"minecraft:leather_leggings":1,"minecraft:bamboo":128,"minecraft:sandstone":27,"minecraft:wooden_pickaxe":1,"minecraft:arrow":3,"minecraft:stone_pickaxe":1},"minecraft:crafted":{"minecraft:oak_door":3,"minecraft:oak_planks":100,"minecraft:stone_shovel":1,"minecraft:furnace":1,"minecraft:cooked_mutton":3,"minecraft:iron_boots":1,"minecraft:iron_axe":1,"minecraft:stone_pickaxe":1,"minecraft:stone_hoe":1,"minecraft:wheat":279,"minecraft:cooked_beef":4,"minecraft:crafting_table":4,"minecraft:wooden_pickaxe":1,"minecraft:iron_helmet":1,"minecraft:gold_block":1,"minecraft:fletching_table":2,"minecraft:bucket":2,"minecraft:stone_axe":1,"minecraft:bread":101,"minecraft:air":0,"minecraft:oak_boat":1,"minecraft:iron_chestplate":1,"minecraft:shield":1,"minecraft:stick":36,"minecraft:iron_ingot":13,"minecraft:iron_pickaxe":1,"minecraft:stone_sword":1,"minecraft:iron_leggings":1,"minecraft:gold_ingot":36,"minecraft:white_bed":1,"minecraft:torch":48},"minecraft:picked_up":{"minecraft:fishing_rod":2,"minecraft:charcoal":1,"minecraft:crafting_table":11,"minecraft:gold_block":3,"minecraft:potion":1,"minecraft:raw_copper":3,"minecraft:cooked_salmon":8,"minecraft:beef":5,"minecraft:oak_boat":13,"minecraft:iron_nugget":12,"minecraft:iron_pickaxe":1,"minecraft:light_gray_wool":2,"minecraft:lectern":1,"minecraft:chest":5,"minecraft:sugar_cane":80,"minecraft:furnace":5,"minecraft:dark_oak_door":1,"minecraft:stick":8,"minecraft:sandstone":108,"minecraft:oak_door":17,"minecraft:torch":11,"minecraft:porkchop":3,"minecraft:cherry_log":21,"minecraft:prismarine_crystals":1,"minecraft:dark_oak_planks":1,"minecraft:stone_sword":2,"minecraft:arrow":3,"minecraft:hay_block":50,"minecraft:gold_ingot":16,"minecraft:mutton":4,"minecraft:cobblestone":115,"minecraft:white_wool":4,"minecraft:clock":1,"minecraft:water_bucket":1,"minecraft:andesite":2,"minecraft:filled_map":2,"minecraft:flint":5,"minecraft:oak_log":25,"minecraft:yellow_bed":1,"minecraft:dirt":34,"minecraft:cooked_mutton":1,"minecraft:coast_armor_trim_smithing_template":2,"minecraft:bone":3,"minecraft:wheat_seeds":7,"minecraft:iron_ingot":21,"minecraft:stone_pickaxe":1,"minecraft:mossy_stone_bricks":1,"minecraft:bamboo":255,"minecraft:dark_oak_stairs":1,"minecraft:book":12,"minecraft:sweet_berries":62,"minecraft:gravel":30,"minecraft:sand":85,"minecraft:spruce_sapling":4,"minecraft:white_bed":9,"minecraft:diamond":2,"minecraft:stone_axe":1,"minecraft:cherry_sapling":23,"minecraft:emerald":21,"minecraft:coal":18},"minecraft:killed":{"minecraft:pig":2,"minecraft:sheep":3,"minecraft:zombie":1,"minecraft:cow":2},"minecraft:custom":{"minecraft:mob_kills":8,"minecraft:interact_with_crafting_table":20,"minecraft:leave_game":3,"minecraft:time_since_death":148012,"minecraft:climb_one_cm":0,"minecraft:sprint_one_cm":398665,"minecraft:walk_one_cm":125152,"minecraft:damage_blocked_by_shield":1320,"minecraft:drop":59,"minecraft:play_time":148012,"minecraft:sneak_time":3750,"minecraft:walk_under_water_one_cm":102873,"minecraft:boat_one_cm":853499,"minecraft:jump":3608,"minecraft:walk_on_water_one_cm":46932,"minecraft:total_world_time":148012,"minecraft:interact_with_furnace":15,"minecraft:sleep_in_bed":12,"minecraft:time_since_rest":0,"minecraft:damage_taken":1389,"minecraft:damage_dealt":1062,"minecraft:swim_one_cm":191558,"minecraft:fly_one_cm":669435,"minecraft:open_chest":43,"minecraft:crouch_one_cm":4239,"minecraft:fall_one_cm":73454},"minecraft:used":{"minecraft:stone_sword":63,"minecraft:stone_shovel":46,"minecraft:chest":3,"minecraft:shield":11,"minecraft:stone_hoe":21,"minecraft:oak_door":16,"minecraft:torch":2,"minecraft:dirt":12,"minecraft:carrot":5,"minecraft:dark_oak_planks":1,"minecraft:iron_axe":32,"minecraft:furnace":3,"minecraft:cooked_beef":4,"minecraft:golden_axe":25,"minecraft:cooked_mutton":4,"minecraft:stone_pickaxe":99,"minecraft:wooden_pickaxe":31,"minecraft:sandstone":39,"minecraft:sand":26,"minecraft:crafting_table":14,"minecraft:white_bed":9,"minecraft:bread":24,"minecraft:suspicious_stew":2,"minecraft:iron_pickaxe":6,"minecraft:gravel":30,"minecraft:stone_axe":32,"minecraft:cobblestone":71,"minecraft:porkchop":1,"minecraft:bucket":1,"minecraft:andesite":1,"minecraft:oak_boat":11},"minecraft:mined":{"minecraft:dark_oak_planks":2,"minecraft:white_bed":8,"minecraft:oak_door":11,"minecraft:cherry_log":21,"minecraft:grass_block":11,"minecraft:jungle_planks":2,"minecraft:spruce_leaves":33,"minecraft:sandstone":18,"minecraft:large_fern":5,"minecraft:hay_block":50,"minecraft:furnace":3,"minecraft:andesite":1,"minecraft:gold_block":3,"minecraft:dark_oak_stairs":1,"minecraft:bookshelf":4,"minecraft:bamboo":54,"minecraft:stone":90,"minecraft:crafting_table":12,"minecraft:torch":1,"minecraft:short_grass":14,"minecraft:chest":4,"minecraft:lectern":1,"minecraft:cobblestone":1,"minecraft:sugar_cane":11,"minecraft:spruce_stairs":1,"minecraft:seagrass":1,"minecraft:dark_oak_door":1,"minecraft:sweet_berry_bush":29,"minecraft:ice":3,"minecraft:birch_leaves":2,"minecraft:yellow_bed":1,"minecraft:oak_log":25,"minecraft:coal_ore":8,"minecraft:cherry_leaves":31,"minecraft:gravel":35,"minecraft:sand":36,"minecraft:dirt":28,"minecraft:mossy_stone_bricks":1,"minecraft:oak_leaves":6,"minecraft:fern":1}},"DataVersion":3953}