{"stats":{"minecraft:mined":{"minecraft:dark_oak_planks":1,"minecraft:white_bed":1,"minecraft:oak_door":4,"minecraft:crafting_table":6,"minecraft:short_grass":4,"minecraft:grass_block":8,"minecraft:chest":1,"minecraft:cobblestone":1,"minecraft:sandstone":15,"minecraft:spruce_stairs":1,"minecraft:furnace":2,"minecraft:dark_oak_door":1,"minecraft:andesite":1,"minecraft:oak_log":25,"minecraft:coal_ore":2,"minecraft:sand":25,"minecraft:dirt":19,"minecraft:stone":82,"minecraft:oak_leaves":1},"minecraft:custom":{"minecraft:interact_with_furnace":14,"minecraft:mob_kills":6,"minecraft:interact_with_crafting_table":9,"minecraft:leave_game":1,"minecraft:time_since_death":44984,"minecraft:sleep_in_bed":1,"minecraft:time_since_rest":4083,"minecraft:sprint_one_cm":74739,"minecraft:damage_taken":730,"minecraft:walk_one_cm":38119,"minecraft:damage_blocked_by_shield":1320,"minecraft:drop":26,"minecraft:damage_dealt":776,"minecraft:swim_one_cm":74656,"minecraft:fly_one_cm":68702,"minecraft:open_chest":9,"minecraft:crouch_one_cm":540,"minecraft:play_time":44984,"minecraft:sneak_time":794,"minecraft:walk_under_water_one_cm":33038,"minecraft:boat_one_cm":224676,"minecraft:jump":608,"minecraft:walk_on_water_one_cm":17389,"minecraft:total_world_time":44984,"minecraft:fall_one_cm":11647},"minecraft:used":{"minecraft:cooked_mutton":3,"minecraft:stone_sword":7,"minecraft:stone_pickaxe":78,"minecraft:wooden_pickaxe":31,"minecraft:shield":11,"minecraft:sandstone":8,"minecraft:oak_door":4,"minecraft:dirt":12,"minecraft:sand":26,"minecraft:crafting_table":8,"minecraft:white_bed":1,"minecraft:dark_oak_planks":1,"minecraft:suspicious_stew":2,"minecraft:stone_axe":32,"minecraft:cobblestone":67,"minecraft:furnace":2,"minecraft:porkchop":1,"minecraft:andesite":1,"minecraft:oak_boat":3,"minecraft:cooked_beef":4},"minecraft:crafted":{"minecraft:cooked_beef":4,"minecraft:oak_door":3,"minecraft:oak_planks":100,"minecraft:crafting_table":3,"minecraft:wooden_pickaxe":1,"minecraft:furnace":1,"minecraft:stone_axe":1,"minecraft:cooked_mutton":3,"minecraft:air":0,"minecraft:oak_boat":1,"minecraft:shield":1,"minecraft:iron_axe":1,"minecraft:stick":12,"minecraft:iron_pickaxe":1,"minecraft:stone_pickaxe":1,"minecraft:stone_sword":1,"minecraft:white_bed":1},"minecraft:dropped":{"minecraft:oak_door":1,"minecraft:furnace":2,"minecraft:stone_axe":1,"minecraft:wheat_seeds":5,"minecraft:lapis_lazuli":3,"minecraft:iron_nugget":12,"minecraft:stone_sword":1,"minecraft:raw_copper":3,"minecraft:bowl":2,"minecraft:prismarine_crystals":1,"minecraft:white_bed":1,"minecraft:filled_map":3,"minecraft:andesite":1,"minecraft:oak_boat":1,"minecraft:cooked_salmon":8,"minecraft:potion":1,"minecraft:sandstone":27,"minecraft:arrow":3,"minecraft:iron_pickaxe":1,"minecraft:gold_ingot":4,"minecraft:bone":3},"minecraft:picked_up":{"minecraft:charcoal":1,"minecraft:crafting_table":6,"minecraft:andesite":2,"minecraft:filled_map":2,"minecraft:potion":1,"minecraft:oak_log":25,"minecraft:dirt":30,"minecraft:raw_copper":3,"minecraft:cooked_salmon":8,"minecraft:cooked_mutton":1,"minecraft:bone":3,"minecraft:wheat_seeds":5,"minecraft:beef":5,"minecraft:oak_boat":3,"minecraft:iron_nugget":12,"minecraft:iron_pickaxe":1,"minecraft:light_gray_wool":2,"minecraft:chest":2,"minecraft:furnace":4,"minecraft:dark_oak_door":1,"minecraft:sandstone":105,"minecraft:oak_door":4,"minecraft:torch":10,"minecraft:porkchop":1,"minecraft:sand":74,"minecraft:white_bed":2,"minecraft:prismarine_crystals":1,"minecraft:dark_oak_planks":1,"minecraft:stone_sword":1,"minecraft:arrow":3,"minecraft:stone_axe":1,"minecraft:gold_ingot":4,"minecraft:mutton":4,"minecraft:coal":13,"minecraft:white_wool":4,"minecraft:cobblestone":107},"minecraft:killed":{"minecraft:sheep":3,"minecraft:zombie":1,"minecraft:cow":2}},"DataVersion":3953}