{"stats":{"minecraft:mined":{"minecraft:spruce_stairs":1,"minecraft:furnace":1,"minecraft:dark_oak_door":1,"minecraft:oak_door":4,"minecraft:crafting_table":5,"minecraft:short_grass":2,"minecraft:grass_block":3,"minecraft:oak_log":25,"minecraft:chest":1,"minecraft:dirt":3,"minecraft:stone":30,"minecraft:oak_leaves":1,"minecraft:dark_oak_planks":1},"minecraft:used":{"minecraft:dark_oak_planks":1,"minecraft:stone_sword":1,"minecraft:stone_pickaxe":1,"minecraft:wooden_pickaxe":31,"minecraft:oak_door":4,"minecraft:stone_axe":31,"minecraft:crafting_table":5,"minecraft:furnace":1,"minecraft:oak_boat":1,"minecraft:cooked_beef":2},"minecraft:custom":{"minecraft:time_since_rest":20984,"minecraft:interact_with_furnace":9,"minecraft:sprint_one_cm":46001,"minecraft:damage_taken":100,"minecraft:walk_one_cm":14938,"minecraft:mob_kills":6,"minecraft:drop":4,"minecraft:damage_dealt":641,"minecraft:swim_one_cm":46390,"minecraft:interact_with_crafting_table":5,"minecraft:fly_one_cm":39649,"minecraft:open_chest":8,"minecraft:crouch_one_cm":85,"minecraft:play_time":20984,"minecraft:sneak_time":264,"minecraft:walk_under_water_one_cm":15274,"minecraft:boat_one_cm":108357,"minecraft:jump":236,"minecraft:leave_game":1,"minecraft:time_since_death":20984,"minecraft:walk_on_water_one_cm":7129,"minecraft:total_world_time":20984,"minecraft:fall_one_cm":5196},"minecraft:crafted":{"minecraft:cooked_beef":4,"minecraft:oak_door":3,"minecraft:oak_boat":1,"minecraft:oak_planks":100,"minecraft:crafting_table":2,"minecraft:stick":8,"minecraft:wooden_pickaxe":1,"minecraft:stone_pickaxe":1,"minecraft:stone_sword":1,"minecraft:furnace":1,"minecraft:stone_axe":1,"minecraft:air":0},"minecraft:dropped":{"minecraft:oak_door":1,"minecraft:wheat_seeds":3,"minecraft:filled_map":1},"minecraft:picked_up":{"minecraft:charcoal":1,"minecraft:crafting_table":4,"minecraft:oak_door":4,"minecraft:oak_log":25,"minecraft:dirt":6,"minecraft:dark_oak_planks":1,"minecraft:wheat_seeds":3,"minecraft:beef":5,"minecraft:light_gray_wool":1,"minecraft:dark_oak_door":1,"minecraft:chest":1,"minecraft:mutton":4,"minecraft:white_wool":2,"minecraft:cobblestone":30,"minecraft:furnace":1},"minecraft:killed":{"minecraft:sheep":3,"minecraft:zombie":1,"minecraft:cow":2}},"DataVersion":3953}