{"stats":{"minecraft:broken":{"minecraft:iron_pickaxe":1},"minecraft:dropped":{"minecraft:stone_hoe":1,"minecraft:porkchop":2,"minecraft:wheat_seeds":7,"minecraft:lapis_lazuli":3,"minecraft:clock":2,"minecraft:golden_helmet":1,"minecraft:cobblestone":9,"minecraft:golden_axe":1,"minecraft:feather":11,"minecraft:prismarine_crystals":1,"minecraft:book":2,"minecraft:stick":9,"minecraft:flint":1,"minecraft:dirt":22,"minecraft:packed_ice":12,"minecraft:cooked_salmon":11,"minecraft:potion":1,"minecraft:iron_leggings":1,"minecraft:sand":4,"minecraft:iron_pickaxe":2,"minecraft:fishing_rod":2,"minecraft:gold_ingot":4,"minecraft:bone":3,"minecraft:oak_door":2,"minecraft:dark_oak_door":1,"minecraft:furnace":2,"minecraft:stone_axe":2,"minecraft:iron_nugget":18,"minecraft:stone_sword":2,"minecraft:raw_copper":3,"minecraft:bowl":2,"minecraft:rotten_flesh":1,"minecraft:white_bed":1,"minecraft:filled_map":7,"minecraft:leather_chestplate":1,"minecraft:andesite":1,"minecraft:jungle_log":1,"minecraft:yellow_bed":1,"minecraft:oak_boat":1,"minecraft:leather_leggings":1,"minecraft:bamboo":128,"minecraft:sandstone":27,"minecraft:arrow":3,"minecraft:stone_pickaxe":1,"minecraft:wooden_pickaxe":1},"minecraft:crafted":{"minecraft:cherry_planks":84,"minecraft:oak_door":3,"minecraft:oak_planks":100,"minecraft:stone_shovel":1,"minecraft:furnace":1,"minecraft:cooked_mutton":3,"minecraft:diamond_helmet":1,"minecraft:diamond_leggings":1,"minecraft:iron_boots":1,"minecraft:iron_axe":1,"minecraft:stone_pickaxe":1,"minecraft:chest":2,"minecraft:diamond_boots":1,"minecraft:stone_hoe":1,"minecraft:gray_bed":1,"minecraft:wheat":279,"minecraft:cooked_beef":4,"minecraft:crafting_table":4,"minecraft:wooden_pickaxe":1,"minecraft:iron_helmet":1,"minecraft:gold_block":1,"minecraft:fletching_table":2,"minecraft:bucket":2,"minecraft:stone_axe":1,"minecraft:bread":101,"minecraft:air":0,"minecraft:oak_boat":1,"minecraft:iron_chestplate":1,"minecraft:diamond_pickaxe":1,"minecraft:shield":1,"minecraft:stick":40,"minecraft:iron_ingot":13,"minecraft:iron_pickaxe":2,"minecraft:stone_sword":1,"minecraft:iron_leggings":1,"minecraft:gold_ingot":36,"minecraft:white_bed":1,"minecraft:torch":48,"minecraft:diamond_chestplate":1},"minecraft:picked_up":{"minecraft:fishing_rod":2,"minecraft:charcoal":1,"minecraft:crafting_table":11,"minecraft:suspicious_stew":2,"minecraft:packed_ice":12,"minecraft:lead":1,"minecraft:potion":5,"minecraft:gold_block":3,"minecraft:enchanted_book":5,"minecraft:shield":2,"minecraft:amethyst_block":5,"minecraft:iron_axe":2,"minecraft:raw_copper":3,"minecraft:cooked_salmon":8,"minecraft:iron_leggings":1,"minecraft:sculk_shrieker":6,"minecraft:diamond_leggings":2,"minecraft:cobbled_deepslate":255,"minecraft:bucket":1,"minecraft:beef":5,"minecraft:echo_shard":6,"minecraft:oak_boat":13,"minecraft:iron_nugget":12,"minecraft:iron_pickaxe":4,"minecraft:light_gray_wool":2,"minecraft:lectern":1,"minecraft:sugar_cane":80,"minecraft:chest":12,"minecraft:diamond_hoe":3,"minecraft:furnace":5,"minecraft:dark_oak_door":1,"minecraft:raw_iron":2,"minecraft:stick":8,"minecraft:sandstone":147,"minecraft:oak_door":17,"minecraft:torch":63,"minecraft:porkchop":3,"minecraft:cherry_log":21,"minecraft:diorite":1,"minecraft:prismarine_crystals":1,"minecraft:dark_oak_planks":1,"minecraft:stone_sword":2,"minecraft:arrow":3,"minecraft:diamond_chestplate":2,"minecraft:rotten_flesh":1,"minecraft:diamond_boots":2,"minecraft:hay_block":50,"minecraft:gold_ingot":16,"minecraft:snowball":45,"minecraft:glow_berries":5,"minecraft:mutton":4,"minecraft:white_wool":4,"minecraft:cobblestone":147,"minecraft:clock":1,"minecraft:golden_carrot":16,"minecraft:andesite":2,"minecraft:water_bucket":2,"minecraft:jungle_log":1,"minecraft:filled_map":2,"minecraft:flint":5,"minecraft:tuff":15,"minecraft:oak_log":25,"minecraft:yellow_bed":1,"minecraft:sculk_vein":2,"minecraft:dirt":34,"minecraft:disc_fragment_5":2,"minecraft:cooked_mutton":1,"minecraft:coast_armor_trim_smithing_template":2,"minecraft:bone":22,"minecraft:wheat_seeds":7,"minecraft:iron_ingot":21,"minecraft:stone_pickaxe":1,"minecraft:diamond_helmet":2,"minecraft:mossy_stone_bricks":1,"minecraft:bamboo":255,"minecraft:stone_hoe":1,"minecraft:oak_planks":2,"minecraft:dark_oak_stairs":1,"minecraft:book":88,"minecraft:sculk_catalyst":1,"minecraft:music_disc_13":2,"minecraft:sweet_berries":62,"minecraft:sculk":5,"minecraft:gravel":31,"minecraft:sand":85,"minecraft:amethyst_shard":24,"minecraft:soul_torch":11,"minecraft:spruce_sapling":4,"minecraft:white_bed":11,"minecraft:sculk_sensor":5,"minecraft:diamond":36,"minecraft:stone_axe":1,"minecraft:cherry_sapling":23,"minecraft:gray_wool":3,"minecraft:bread":100,"minecraft:emerald":21,"minecraft:baked_potato":10,"minecraft:coal":58,"minecraft:diamond_pickaxe":2},"minecraft:killed":{"minecraft:skeleton":3,"minecraft:pig":2,"minecraft:sheep":3,"minecraft:zombie":3,"minecraft:wither_skeleton":1,"minecraft:cow":2},"minecraft:custom":{"minecraft:mob_kills":15,"minecraft:interact_with_crafting_table":25,"minecraft:leave_game":8,"minecraft:time_since_death":17516,"minecraft:climb_one_cm":3733,"minecraft:sprint_one_cm":626265,"minecraft:walk_one_cm":194271,"minecraft:damage_blocked_by_shield":1592,"minecraft:drop":68,"minecraft:play_time":289629,"minecraft:deaths":5,"minecraft:sneak_time":77318,"minecraft:walk_under_water_one_cm":117989,"minecraft:boat_one_cm":853499,"minecraft:jump":4855,"minecraft:walk_on_water_one_cm":65131,"minecraft:total_world_time":289629,"minecraft:interact_with_furnace":15,"minecraft:tune_noteblock":3,"minecraft:sleep_in_bed":15,"minecraft:time_since_rest":17544,"minecraft:damage_taken":4168,"minecraft:damage_dealt":2725,"minecraft:swim_one_cm":198542,"minecraft:fly_one_cm":834333,"minecraft:open_chest":74,"minecraft:crouch_one_cm":361828,"minecraft:fall_one_cm":110140},"minecraft:killed_by":{"minecraft:warden":4},"minecraft:used":{"minecraft:stone_sword":63,"minecraft:flint_and_steel":1,"minecraft:stone_shovel":46,"minecraft:diamond_hoe":22,"minecraft:chest":8,"minecraft:shield":18,"minecraft:stone_hoe":23,"minecraft:oak_door":16,"minecraft:torch":37,"minecraft:dirt":12,"minecraft:carrot":5,"minecraft:tuff":3,"minecraft:obsidian":2,"minecraft:dark_oak_planks":1,"minecraft:lava_bucket":12,"minecraft:iron_axe":87,"minecraft:golden_carrot":2,"minecraft:furnace":3,"minecraft:gray_bed":1,"minecraft:cooked_beef":4,"minecraft:cobbled_deepslate":96,"minecraft:golden_axe":25,"minecraft:cooked_mutton":4,"minecraft:water_bucket":32,"minecraft:stone_pickaxe":99,"minecraft:wooden_pickaxe":31,"minecraft:sandstone":114,"minecraft:sand":26,"minecraft:crafting_table":15,"minecraft:white_bed":11,"minecraft:diamond_pickaxe":3,"minecraft:iron_pickaxe":319,"minecraft:suspicious_stew":2,"minecraft:bread":51,"minecraft:gravel":31,"minecraft:stone_axe":32,"minecraft:cobblestone":119,"minecraft:porkchop":1,"minecraft:andesite":1,"minecraft:bucket":45,"minecraft:oak_boat":11},"minecraft:mined":{"minecraft:dark_oak_planks":2,"minecraft:large_amethyst_bud":3,"minecraft:tuff":8,"minecraft:white_bed":10,"minecraft:deepslate_diamond_ore":34,"minecraft:oak_door":11,"minecraft:sculk_vein":12,"minecraft:cherry_log":21,"minecraft:jungle_leaves":1,"minecraft:budding_amethyst":2,"minecraft:grass_block":15,"minecraft:jungle_planks":2,"minecraft:jungle_log":1,"minecraft:spruce_leaves":33,"minecraft:sandstone":58,"minecraft:large_fern":5,"minecraft:hay_block":50,"minecraft:sculk_catalyst":1,"minecraft:furnace":3,"minecraft:cobbled_deepslate":27,"minecraft:fire":2,"minecraft:andesite":1,"minecraft:gold_block":3,"minecraft:dark_oak_stairs":1,"minecraft:sculk_shrieker":13,"minecraft:bookshelf":21,"minecraft:deepslate_iron_ore":2,"minecraft:small_amethyst_bud":3,"minecraft:bamboo":54,"minecraft:stone":91,"minecraft:medium_amethyst_bud":3,"minecraft:amethyst_cluster":6,"minecraft:crafting_table":12,"minecraft:torch":1,"minecraft:short_grass":16,"minecraft:chest":11,"minecraft:sculk_sensor":6,"minecraft:lectern":1,"minecraft:cobblestone":29,"minecraft:oak_planks":2,"minecraft:sugar_cane":11,"minecraft:sculk":13,"minecraft:diorite":1,"minecraft:amethyst_block":9,"minecraft:skeleton_skull":1,"minecraft:spruce_stairs":1,"minecraft:seagrass":1,"minecraft:gray_wool":3,"minecraft:dark_oak_door":1,"minecraft:sweet_berry_bush":29,"minecraft:ice":3,"minecraft:birch_leaves":2,"minecraft:yellow_bed":1,"minecraft:oak_log":25,"minecraft:coal_ore":8,"minecraft:gravel":36,"minecraft:cherry_leaves":31,"minecraft:dirt":28,"minecraft:sand":36,"minecraft:mossy_stone_bricks":1,"minecraft:oak_leaves":13,"minecraft:deepslate":136,"minecraft:fern":1}},"DataVersion":3953}