{"stats":{"minecraft:broken":{"minecraft:golden_boots":1,"minecraft:stone_sword":1,"minecraft:shield":1,"minecraft:stone_axe":1,"minecraft:iron_pickaxe":1},"minecraft:mined":{"minecraft:tuff":6,"minecraft:white_bed":2,"minecraft:deepslate_diamond_ore":30,"minecraft:oak_door":9,"minecraft:granite":1,"minecraft:grass_block":9,"minecraft:jungle_planks":3,"minecraft:jungle_log":8,"minecraft:kelp":11,"minecraft:sandstone":123,"minecraft:hay_block":29,"minecraft:furnace":6,"minecraft:iron_ore":24,"minecraft:cobbled_deepslate":2,"minecraft:azure_bluet":1,"minecraft:deepslate_iron_ore":17,"minecraft:vine":1,"minecraft:oak_stairs":1,"minecraft:bamboo":9,"minecraft:stone":123,"minecraft:kelp_plant":1,"minecraft:dandelion":2,"minecraft:crafting_table":9,"minecraft:torch":7,"minecraft:short_grass":204,"minecraft:poppy":1,"minecraft:melon":2,"minecraft:chest":1,"minecraft:tall_grass":7,"minecraft:copper_ore":1,"minecraft:cobblestone":5,"minecraft:deepslate_gold_ore":4,"minecraft:sugar_cane":6,"minecraft:blue_bed":1,"minecraft:wall_torch":11,"minecraft:birch_leaves":1,"minecraft:oak_log":36,"minecraft:coal_ore":37,"minecraft:gravel":5,"minecraft:sand":30,"minecraft:dirt":9,"minecraft:oak_leaves":8,"minecraft:deepslate":24,"minecraft:fern":26},"minecraft:killed_by":{"minecraft:creeper":2,"minecraft:iron_golem":1,"minecraft:skeleton":3,"minecraft:zombie":2},"minecraft:custom":{"minecraft:mob_kills":73,"minecraft:interact_with_crafting_table":29,"minecraft:bell_ring":25,"minecraft:leave_game":5,"minecraft:time_since_death":29548,"minecraft:climb_one_cm":3819,"minecraft:sprint_one_cm":404057,"minecraft:walk_one_cm":174290,"minecraft:damage_blocked_by_shield":4734,"minecraft:drop":33,"minecraft:play_time":129641,"minecraft:sneak_time":12029,"minecraft:deaths":10,"minecraft:walk_under_water_one_cm":25870,"minecraft:boat_one_cm":163728,"minecraft:jump":3808,"minecraft:walk_on_water_one_cm":17760,"minecraft:total_world_time":129641,"minecraft:interact_with_furnace":52,"minecraft:sleep_in_bed":6,"minecraft:time_since_rest":29621,"minecraft:damage_taken":5456,"minecraft:damage_absorbed":79,"minecraft:damage_dealt":11197,"minecraft:swim_one_cm":117921,"minecraft:fly_one_cm":662010,"minecraft:open_chest":12,"minecraft:crouch_one_cm":25544,"minecraft:fall_one_cm":128607},"minecraft:used":{"minecraft:stone_sword":132,"minecraft:poppy":3,"minecraft:chest":2,"minecraft:shield":68,"minecraft:cooked_salmon":2,"minecraft:rotten_flesh":9,"minecraft:oak_door":11,"minecraft:iron_chestplate":3,"minecraft:torch":87,"minecraft:dirt":21,"minecraft:mutton":6,"minecraft:jungle_planks":18,"minecraft:azure_bluet":1,"minecraft:lava_bucket":1,"minecraft:iron_axe":64,"minecraft:iron_boots":1,"minecraft:bamboo":40,"minecraft:beef":5,"minecraft:furnace":7,"minecraft:egg":1,"minecraft:potato":1,"minecraft:cobbled_deepslate":4,"minecraft:iron_leggings":1,"minecraft:cooked_mutton":9,"minecraft:stone_pickaxe":103,"minecraft:wooden_pickaxe":14,"minecraft:sandstone":16,"minecraft:blue_bed":1,"minecraft:golden_apple":2,"minecraft:sand":15,"minecraft:crafting_table":10,"minecraft:white_bed":2,"minecraft:oak_log":1,"minecraft:chicken":1,"minecraft:iron_pickaxe":298,"minecraft:bread":23,"minecraft:brown_wool":1,"minecraft:gravel":4,"minecraft:stone_axe":99,"minecraft:cobblestone":78,"minecraft:potion":1,"minecraft:porkchop":2,"minecraft:cooked_porkchop":10,"minecraft:bucket":1,"minecraft:andesite":1,"minecraft:oak_boat":3,"minecraft:dandelion":1},"minecraft:dropped":{"minecraft:wheat_seeds":21,"minecraft:lapis_lazuli":2,"minecraft:glass_bottle":4,"minecraft:crafting_table":1,"minecraft:feather":5,"minecraft:leather_helmet":1,"minecraft:flint":1,"minecraft:iron_leggings":1,"minecraft:iron_nugget":12,"minecraft:rotten_flesh":1,"minecraft:iron_boots":1,"minecraft:cooked_mutton":1,"minecraft:iron_chestplate":1,"minecraft:melon_seeds":2,"minecraft:oak_boat":1,"minecraft:oak_sapling":1,"minecraft:wooden_pickaxe":1},"minecraft:crafted":{"minecraft:oak_door":3,"minecraft:oak_planks":108,"minecraft:furnace":3,"minecraft:cooked_mutton":10,"minecraft:diamond_helmet":1,"minecraft:diamond_leggings":1,"minecraft:iron_boots":1,"minecraft:iron_axe":1,"minecraft:melon_seeds":7,"minecraft:stone_pickaxe":1,"minecraft:chest":2,"minecraft:diamond_boots":1,"minecraft:wheat":261,"minecraft:cooked_porkchop":7,"minecraft:crafting_table":5,"minecraft:wooden_pickaxe":1,"minecraft:blue_bed":1,"minecraft:bucket":2,"minecraft:stone_axe":1,"minecraft:bread":87,"minecraft:air":0,"minecraft:jungle_planks":32,"minecraft:blue_dye":1,"minecraft:oak_boat":1,"minecraft:diamond_pickaxe":1,"minecraft:iron_chestplate":1,"minecraft:charcoal":2,"minecraft:shield":2,"minecraft:stick":36,"minecraft:iron_ingot":28,"minecraft:iron_pickaxe":2,"minecraft:stone_sword":1,"minecraft:iron_leggings":1,"minecraft:white_bed":2,"minecraft:torch":76,"minecraft:diamond_chestplate":1},"minecraft:picked_up":{"minecraft:charcoal":2,"minecraft:crafting_table":14,"minecraft:iron_chestplate":6,"minecraft:azure_bluet":1,"minecraft:chicken":9,"minecraft:wooden_pickaxe":3,"minecraft:oak_stairs":1,"minecraft:potion":2,"minecraft:golden_shovel":1,"minecraft:shield":5,"minecraft:iron_axe":1,"minecraft:raw_copper":11,"minecraft:cooked_salmon":22,"minecraft:flint_and_steel":1,"minecraft:iron_leggings":1,"minecraft:cobbled_deepslate":29,"minecraft:beef":5,"minecraft:oak_boat":7,"minecraft:light_gray_wool":6,"minecraft:iron_nugget":12,"minecraft:poppy":3,"minecraft:iron_pickaxe":6,"minecraft:chest":1,"minecraft:melon_slice":7,"minecraft:sugar_cane":16,"minecraft:furnace":19,"minecraft:egg":1,"minecraft:stick":2,"minecraft:raw_iron":60,"minecraft:sandstone":175,"minecraft:oak_door":9,"minecraft:torch":55,"minecraft:porkchop":47,"minecraft:diorite":4,"minecraft:prismarine_crystals":2,"minecraft:stone_sword":8,"minecraft:arrow":31,"minecraft:rotten_flesh":32,"minecraft:hay_block":29,"minecraft:gold_ingot":19,"minecraft:obsidian":1,"minecraft:mutton":38,"minecraft:cobblestone":224,"minecraft:white_wool":26,"minecraft:feather":7,"minecraft:andesite":3,"minecraft:jungle_log":8,"minecraft:brown_wool":1,"minecraft:leather":6,"minecraft:potato":3,"minecraft:filled_map":1,"minecraft:flint":2,"minecraft:tuff":6,"minecraft:oak_log":35,"minecraft:golden_boots":1,"minecraft:lapis_lazuli":3,"minecraft:dirt":47,"minecraft:blue_bed":2,"minecraft:cooked_mutton":6,"minecraft:bone":25,"minecraft:kelp":22,"minecraft:bow":1,"minecraft:wheat_seeds":36,"minecraft:raw_gold":4,"minecraft:stone_pickaxe":7,"minecraft:heart_of_the_sea":3,"minecraft:iron_ingot":26,"minecraft:glass_bottle":3,"minecraft:bamboo":80,"minecraft:oak_planks":86,"minecraft:cooked_porkchop":9,"minecraft:dandelion":1,"minecraft:gravel":4,"minecraft:sand":115,"minecraft:jungle_planks":44,"minecraft:white_bed":10,"minecraft:spider_eye":4,"minecraft:leather_helmet":2,"minecraft:diamond":33,"minecraft:stone_axe":6,"minecraft:granite":3,"minecraft:golden_apple":2,"minecraft:gray_wool":4,"minecraft:emerald":4,"minecraft:bread":64,"minecraft:oak_sapling":2,"minecraft:coal":105},"minecraft:killed":{"minecraft:spider":4,"minecraft:skeleton":9,"minecraft:chicken":5,"minecraft:pig":13,"minecraft:iron_golem":1,"minecraft:creeper":1,"minecraft:sheep":17,"minecraft:zombie":19,"minecraft:cow":3}},"DataVersion":3953}