{"stats":{"minecraft:broken":{"minecraft:golden_boots":1},"minecraft:mined":{"minecraft:white_bed":1,"minecraft:dandelion":2,"minecraft:crafting_table":5,"minecraft:torch":1,"minecraft:granite":1,"minecraft:short_grass":77,"minecraft:grass_block":4,"minecraft:poppy":1,"minecraft:cobblestone":2,"minecraft:tall_grass":2,"minecraft:sandstone":57,"minecraft:wall_torch":2,"minecraft:furnace":3,"minecraft:iron_ore":23,"minecraft:azure_bluet":1,"minecraft:oak_log":20,"minecraft:coal_ore":10,"minecraft:sand":20,"minecraft:gravel":5,"minecraft:dirt":9,"minecraft:stone":42,"minecraft:oak_leaves":5},"minecraft:killed_by":{"minecraft:skeleton":3,"minecraft:creeper":1,"minecraft:zombie":2},"minecraft:custom":{"minecraft:interact_with_furnace":36,"minecraft:mob_kills":26,"minecraft:interact_with_crafting_table":13,"minecraft:leave_game":2,"minecraft:time_since_death":4646,"minecraft:sleep_in_bed":2,"minecraft:time_since_rest":4674,"minecraft:sprint_one_cm":141050,"minecraft:damage_taken":2800,"minecraft:walk_one_cm":63944,"minecraft:damage_blocked_by_shield":1301,"minecraft:drop":12,"minecraft:damage_dealt":3692,"minecraft:swim_one_cm":8429,"minecraft:fly_one_cm":224899,"minecraft:open_chest":2,"minecraft:crouch_one_cm":8174,"minecraft:play_time":43257,"minecraft:deaths":7,"minecraft:sneak_time":3584,"minecraft:walk_under_water_one_cm":830,"minecraft:boat_one_cm":31612,"minecraft:jump":1461,"minecraft:walk_on_water_one_cm":2848,"minecraft:total_world_time":43257,"minecraft:fall_one_cm":52250},"minecraft:used":{"minecraft:cooked_mutton":9,"minecraft:stone_sword":81,"minecraft:stone_pickaxe":49,"minecraft:poppy":1,"minecraft:shield":23,"minecraft:wooden_pickaxe":14,"minecraft:rotten_flesh":9,"minecraft:iron_chestplate":3,"minecraft:torch":8,"minecraft:dirt":20,"minecraft:sand":7,"minecraft:mutton":6,"minecraft:crafting_table":5,"minecraft:white_bed":1,"minecraft:azure_bluet":1,"minecraft:brown_wool":1,"minecraft:iron_pickaxe":79,"minecraft:gravel":4,"minecraft:stone_axe":29,"minecraft:cobblestone":14,"minecraft:furnace":3,"minecraft:porkchop":2,"minecraft:oak_boat":2,"minecraft:egg":1,"minecraft:potato":1,"minecraft:dandelion":1},"minecraft:dropped":{"minecraft:wheat_seeds":15,"minecraft:flint":1,"minecraft:wooden_pickaxe":1},"minecraft:crafted":{"minecraft:oak_planks":60,"minecraft:crafting_table":1,"minecraft:wooden_pickaxe":1,"minecraft:furnace":2,"minecraft:stone_axe":1,"minecraft:cooked_mutton":9,"minecraft:air":0,"minecraft:oak_boat":1,"minecraft:iron_chestplate":1,"minecraft:charcoal":2,"minecraft:shield":1,"minecraft:stick":16,"minecraft:iron_ingot":14,"minecraft:iron_pickaxe":1,"minecraft:stone_pickaxe":1,"minecraft:stone_sword":1,"minecraft:white_bed":2,"minecraft:torch":20},"minecraft:picked_up":{"minecraft:iron_chestplate":3,"minecraft:charcoal":2,"minecraft:crafting_table":10,"minecraft:feather":2,"minecraft:azure_bluet":1,"minecraft:chicken":4,"minecraft:andesite":2,"minecraft:brown_wool":1,"minecraft:wooden_pickaxe":3,"minecraft:potato":3,"minecraft:filled_map":1,"minecraft:flint":2,"minecraft:oak_log":20,"minecraft:golden_boots":1,"minecraft:shield":2,"minecraft:dirt":34,"minecraft:cooked_mutton":6,"minecraft:bone":9,"minecraft:wheat_seeds":18,"minecraft:iron_ingot":2,"minecraft:stone_pickaxe":4,"minecraft:oak_boat":3,"minecraft:poppy":1,"minecraft:iron_pickaxe":3,"minecraft:light_gray_wool":6,"minecraft:oak_planks":68,"minecraft:egg":1,"minecraft:furnace":11,"minecraft:stick":2,"minecraft:raw_iron":44,"minecraft:sandstone":47,"minecraft:torch":21,"minecraft:dandelion":1,"minecraft:sand":47,"minecraft:gravel":4,"minecraft:porkchop":2,"minecraft:white_bed":8,"minecraft:stone_sword":6,"minecraft:arrow":13,"minecraft:rotten_flesh":19,"minecraft:stone_axe":4,"minecraft:granite":3,"minecraft:gray_wool":4,"minecraft:mutton":20,"minecraft:coal":39,"minecraft:white_wool":16,"minecraft:cobblestone":83},"minecraft:killed":{"minecraft:pig":1,"minecraft:creeper":1,"minecraft:skeleton":3,"minecraft:sheep":11,"minecraft:zombie":8,"minecraft:chicken":1}},"DataVersion":3953}