{"stats":{"minecraft:broken":{"minecraft:golden_boots":1,"minecraft:stone_axe":1,"minecraft:stone_sword":1,"minecraft:shield":3,"minecraft:iron_axe":1,"minecraft:iron_pickaxe":1},"minecraft:mined":{"minecraft:white_bed":2,"minecraft:obsidian":23,"minecraft:granite":7,"minecraft:grass_block":61,"minecraft:jungle_log":8,"minecraft:spawner":1,"minecraft:iron_ore":94,"minecraft:cobbled_deepslate":9,"minecraft:fire":23,"minecraft:azure_bluet":1,"minecraft:dirt_path":2,"minecraft:oak_stairs":1,"minecraft:deepslate_redstone_ore":28,"minecraft:brown_mushroom":1,"minecraft:kelp_plant":1,"minecraft:torch":7,"minecraft:calcite":12,"minecraft:poppy":1,"minecraft:melon":2,"minecraft:chest":4,"minecraft:nether_quartz_ore":75,"minecraft:cobblestone":12,"minecraft:sugar_cane":14,"minecraft:oak_planks":4,"minecraft:iron_door":18,"minecraft:wall_torch":11,"minecraft:amethyst_block":28,"minecraft:oak_log":63,"minecraft:sand":33,"minecraft:dirt":27,"minecraft:netherrack":14,"minecraft:oak_leaves":16,"minecraft:deepslate":173,"minecraft:nether_gold_ore":16,"minecraft:tuff":26,"minecraft:deepslate_diamond_ore":90,"minecraft:oak_door":20,"minecraft:jungle_planks":4,"minecraft:spruce_leaves":34,"minecraft:red_mushroom":2,"minecraft:kelp":11,"minecraft:sandstone":123,"minecraft:large_fern":4,"minecraft:hay_block":39,"minecraft:furnace":8,"minecraft:andesite":14,"minecraft:bookshelf":285,"minecraft:deepslate_iron_ore":37,"minecraft:vine":2,"minecraft:bamboo":9,"minecraft:stone":199,"minecraft:dandelion":2,"minecraft:crafting_table":11,"minecraft:short_grass":214,"minecraft:tall_grass":12,"minecraft:copper_ore":1,"minecraft:lapis_ore":6,"minecraft:deepslate_gold_ore":32,"minecraft:diorite":26,"minecraft:blue_bed":5,"minecraft:sweet_berry_bush":1,"minecraft:spruce_log":17,"minecraft:birch_leaves":3,"minecraft:coal_ore":60,"minecraft:gravel":15,"minecraft:cobweb":19,"minecraft:cracked_stone_bricks":1,"minecraft:mossy_stone_bricks":1,"minecraft:gold_ore":8,"minecraft:fern":30},"minecraft:killed_by":{"minecraft:creeper":2,"minecraft:zombie":2,"minecraft:iron_golem":1,"minecraft:skeleton":3},"minecraft:used":{"minecraft:poppy":3,"minecraft:chest":4,"minecraft:shield":108,"minecraft:rotten_flesh":9,"minecraft:iron_chestplate":3,"minecraft:mutton":6,"minecraft:jungle_planks":19,"minecraft:tuff":28,"minecraft:azure_bluet":1,"minecraft:obsidian":10,"minecraft:lava_bucket":17,"minecraft:sweet_berries":2,"minecraft:furnace":10,"minecraft:egg":3,"minecraft:potato":1,"minecraft:golden_boots":7,"minecraft:diorite":9,"minecraft:diamond_boots":6,"minecraft:stone_pickaxe":103,"minecraft:blackstone":64,"minecraft:wooden_pickaxe":14,"minecraft:sandstone":16,"minecraft:blue_bed":5,"minecraft:diamond_axe":350,"minecraft:sugar_cane":9,"minecraft:golden_apple":2,"minecraft:sand":15,"minecraft:bread":109,"minecraft:brown_wool":1,"minecraft:iron_door":3,"minecraft:gravel":73,"minecraft:diamond_sword":312,"minecraft:andesite":15,"minecraft:oak_boat":3,"minecraft:stone_sword":132,"minecraft:flint_and_steel":28,"minecraft:cooked_salmon":2,"minecraft:oak_door":15,"minecraft:torch":87,"minecraft:dirt":46,"minecraft:granite":4,"minecraft:iron_axe":151,"minecraft:iron_boots":1,"minecraft:smooth_basalt":3,"minecraft:bamboo":40,"minecraft:beef":5,"minecraft:cooked_beef":21,"minecraft:cobbled_deepslate":179,"minecraft:iron_leggings":1,"minecraft:calcite":13,"minecraft:cooked_mutton":9,"minecraft:water_bucket":46,"minecraft:amethyst_block":2,"minecraft:cracked_stone_bricks":1,"minecraft:crafting_table":11,"minecraft:white_bed":2,"minecraft:oak_log":1,"minecraft:ender_eye":7,"minecraft:diamond_pickaxe":646,"minecraft:diamond_shovel":77,"minecraft:chicken":1,"minecraft:iron_pickaxe":400,"minecraft:stone_axe":99,"minecraft:cobblestone":121,"minecraft:potion":1,"minecraft:porkchop":2,"minecraft:cooked_porkchop":10,"minecraft:bucket":65,"minecraft:dandelion":1},"minecraft:custom":{"minecraft:animals_bred":2,"minecraft:interact_with_crafting_table":43,"minecraft:bell_ring":25,"minecraft:leave_game":9,"minecraft:time_since_death":45139,"minecraft:sprint_one_cm":1105168,"minecraft:damage_blocked_by_shield":9495,"minecraft:drop":53,"minecraft:play_time":310537,"minecraft:deaths":11,"minecraft:jump":9532,"minecraft:walk_on_water_one_cm":65079,"minecraft:interact_with_furnace":94,"minecraft:sleep_in_bed":14,"minecraft:damage_dealt":33233,"minecraft:crouch_one_cm":74324,"minecraft:mob_kills":211,"minecraft:climb_one_cm":6843,"minecraft:walk_one_cm":425629,"minecraft:sneak_time":27721,"minecraft:walk_under_water_one_cm":49225,"minecraft:boat_one_cm":163728,"minecraft:total_world_time":310537,"minecraft:time_since_rest":45179,"minecraft:damage_absorbed":79,"minecraft:damage_taken":10472,"minecraft:swim_one_cm":151255,"minecraft:fly_one_cm":1740101,"minecraft:open_chest":68,"minecraft:fall_one_cm":306678},"minecraft:dropped":{"minecraft:lapis_lazuli":2,"minecraft:glass_bottle":4,"minecraft:crafting_table":1,"minecraft:leather_helmet":1,"minecraft:flint":1,"minecraft:dirt":14,"minecraft:gold_ingot":35,"minecraft:oak_door":7,"minecraft:iron_nugget":12,"minecraft:rotten_flesh":1,"minecraft:cooked_mutton":1,"minecraft:melon_seeds":2,"minecraft:chest":3,"minecraft:beef":3,"minecraft:wheat_seeds":24,"minecraft:feather":6,"minecraft:cobblestone":22,"minecraft:granite":2,"minecraft:lava_bucket":1,"minecraft:gray_wool":1,"minecraft:brown_wool":1,"minecraft:iron_leggings":1,"minecraft:light_gray_wool":1,"minecraft:iron_boots":1,"minecraft:ender_eye":1,"minecraft:iron_chestplate":1,"minecraft:oak_boat":1,"minecraft:oak_sapling":1,"minecraft:bow":2,"minecraft:stone_pickaxe":1,"minecraft:wooden_pickaxe":1},"minecraft:crafted":{"minecraft:oak_planks":196,"minecraft:blaze_powder":8,"minecraft:diamond_shovel":1,"minecraft:cooked_mutton":10,"minecraft:diamond_helmet":2,"minecraft:diamond_leggings":1,"minecraft:iron_boots":1,"minecraft:melon_seeds":7,"minecraft:chest":4,"minecraft:ender_eye":3,"minecraft:golden_boots":1,"minecraft:cooked_porkchop":7,"minecraft:diamond_axe":1,"minecraft:crafting_table":5,"minecraft:wooden_pickaxe":1,"minecraft:charcoal":2,"minecraft:book":3,"minecraft:iron_chestplate":1,"minecraft:paper":9,"minecraft:diamond_pickaxe":1,"minecraft:shield":3,"minecraft:stick":44,"minecraft:iron_ingot":116,"minecraft:iron_pickaxe":2,"minecraft:stone_sword":1,"minecraft:gold_ingot":39,"minecraft:oak_door":3,"minecraft:furnace":4,"minecraft:flint_and_steel":1,"minecraft:iron_axe":1,"minecraft:stone_pickaxe":1,"minecraft:diamond_boots":1,"minecraft:wheat":351,"minecraft:cooked_beef":30,"minecraft:diamond_sword":1,"minecraft:blue_bed":1,"minecraft:bucket":2,"minecraft:stone_axe":1,"minecraft:bread":117,"minecraft:air":0,"minecraft:jungle_planks":32,"minecraft:blue_dye":1,"minecraft:oak_boat":1,"minecraft:iron_leggings":1,"minecraft:white_bed":2,"minecraft:torch":76,"minecraft:diamond_chestplate":1},"minecraft:picked_up":{"minecraft:iron_chestplate":6,"minecraft:diamond_sword":1,"minecraft:oak_stairs":1,"minecraft:potion":2,"minecraft:enchanted_book":2,"minecraft:golden_shovel":1,"minecraft:nether_brick":24,"minecraft:amethyst_block":28,"minecraft:string":77,"minecraft:raw_copper":11,"minecraft:cooked_salmon":22,"minecraft:iron_leggings":1,"minecraft:diamond_leggings":1,"minecraft:gold_nugget":129,"minecraft:cobbled_deepslate":190,"minecraft:eye_armor_trim_smithing_template":1,"minecraft:ender_eye":6,"minecraft:calcite":13,"minecraft:iron_pickaxe":6,"minecraft:melon_slice":7,"minecraft:furnace":21,"minecraft:stick":2,"minecraft:torch":55,"minecraft:porkchop":52,"minecraft:diorite":30,"minecraft:stone_sword":8,"minecraft:rotten_flesh":59,"minecraft:blaze_rod":9,"minecraft:obsidian":21,"minecraft:cobblestone":299,"minecraft:feather":8,"minecraft:cooked_beef":18,"minecraft:andesite":17,"minecraft:water_bucket":1,"minecraft:iron_door":18,"minecraft:jungle_log":8,"minecraft:brown_wool":2,"minecraft:potato":3,"minecraft:flint":3,"minecraft:tuff":29,"minecraft:lapis_lazuli":43,"minecraft:dirt":86,"minecraft:bone":50,"minecraft:bow":4,"minecraft:wheat_seeds":39,"minecraft:raw_gold":39,"minecraft:mossy_stone_bricks":1,"minecraft:bamboo":80,"minecraft:oak_planks":90,"minecraft:cooked_porkchop":9,"minecraft:jungle_planks":45,"minecraft:sand":115,"minecraft:spectral_arrow":36,"minecraft:diamond":92,"minecraft:granite":9,"minecraft:golden_apple":2,"minecraft:bread":79,"minecraft:emerald":4,"minecraft:oak_sapling":2,"minecraft:netherrack":24,"minecraft:diamond_pickaxe":1,"minecraft:charcoal":2,"minecraft:crafting_table":16,"minecraft:azure_bluet":1,"minecraft:chicken":11,"minecraft:brown_mushroom":2,"minecraft:wooden_pickaxe":3,"minecraft:shield":5,"minecraft:iron_axe":1,"minecraft:flint_and_steel":1,"minecraft:compass":2,"minecraft:blackstone":134,"minecraft:cracked_stone_bricks":1,"minecraft:beef":43,"minecraft:oak_boat":7,"minecraft:iron_nugget":88,"minecraft:poppy":3,"minecraft:light_gray_wool":7,"minecraft:chest":4,"minecraft:sugar_cane":28,"minecraft:egg":3,"minecraft:raw_iron":153,"minecraft:sandstone":175,"minecraft:oak_door":20,"minecraft:fire_charge":8,"minecraft:redstone":134,"minecraft:prismarine_crystals":2,"minecraft:diamond_chestplate":1,"minecraft:arrow":48,"minecraft:diamond_boots":1,"minecraft:hay_block":39,"minecraft:gold_ingot":19,"minecraft:mutton":56,"minecraft:white_wool":36,"minecraft:glow_ink_sac":3,"minecraft:leather":43,"minecraft:red_mushroom":4,"minecraft:filled_map":1,"minecraft:oak_log":58,"minecraft:golden_boots":2,"minecraft:blue_bed":6,"minecraft:paper":25,"minecraft:cooked_mutton":6,"minecraft:apple":4,"minecraft:kelp":22,"minecraft:heart_of_the_sea":3,"minecraft:iron_ingot":28,"minecraft:stone_pickaxe":7,"minecraft:glass_bottle":4,"minecraft:soul_sand":24,"minecraft:book":821,"minecraft:smooth_basalt":3,"minecraft:sweet_berries":2,"minecraft:quartz":148,"minecraft:dandelion":1,"minecraft:gravel":144,"minecraft:lava_bucket":2,"minecraft:spruce_sapling":4,"minecraft:white_bed":10,"minecraft:spruce_log":17,"minecraft:crying_obsidian":16,"minecraft:spider_eye":8,"minecraft:leather_helmet":2,"minecraft:diamond_shovel":1,"minecraft:stone_axe":6,"minecraft:diamond_axe":1,"minecraft:gray_wool":5,"minecraft:coal":145,"minecraft:ender_pearl":14},"minecraft:killed":{"minecraft:witch":1,"minecraft:spider":10,"minecraft:skeleton":30,"minecraft:chicken":8,"minecraft:silverfish":2,"minecraft:piglin":1,"minecraft:pig":15,"minecraft:zombie_villager":1,"minecraft:iron_golem":1,"minecraft:creeper":1,"minecraft:sheep":29,"minecraft:zombie":50,"minecraft:donkey":8,"minecraft:ghast":1,"minecraft:cow":23,"minecraft:blaze":15,"minecraft:horse":5}},"DataVersion":3953}