{"stats":{"minecraft:broken":{"minecraft:golden_boots":1},"minecraft:mined":{"minecraft:white_bed":1,"minecraft:dandelion":2,"minecraft:crafting_table":4,"minecraft:torch":1,"minecraft:granite":1,"minecraft:short_grass":67,"minecraft:grass_block":4,"minecraft:poppy":1,"minecraft:tall_grass":2,"minecraft:wall_torch":2,"minecraft:furnace":3,"minecraft:iron_ore":23,"minecraft:azure_bluet":1,"minecraft:oak_log":14,"minecraft:coal_ore":10,"minecraft:gravel":5,"minecraft:dirt":9,"minecraft:stone":37,"minecraft:oak_leaves":5},"minecraft:killed_by":{"minecraft:skeleton":2,"minecraft:creeper":1,"minecraft:zombie":2},"minecraft:custom":{"minecraft:interact_with_furnace":36,"minecraft:mob_kills":20,"minecraft:interact_with_crafting_table":12,"minecraft:leave_game":2,"minecraft:time_since_death":3281,"minecraft:sleep_in_bed":2,"minecraft:time_since_rest":3317,"minecraft:sprint_one_cm":113992,"minecraft:damage_taken":2540,"minecraft:walk_one_cm":47893,"minecraft:damage_blocked_by_shield":736,"minecraft:drop":12,"minecraft:damage_dealt":2976,"minecraft:swim_one_cm":326,"minecraft:fly_one_cm":148710,"minecraft:crouch_one_cm":6901,"minecraft:play_time":31257,"minecraft:deaths":6,"minecraft:sneak_time":2952,"minecraft:walk_under_water_one_cm":51,"minecraft:jump":1063,"minecraft:walk_on_water_one_cm":993,"minecraft:total_world_time":31257,"minecraft:fall_one_cm":40372},"minecraft:used":{"minecraft:cooked_mutton":9,"minecraft:stone_sword":60,"minecraft:stone_pickaxe":49,"minecraft:poppy":1,"minecraft:shield":12,"minecraft:wooden_pickaxe":14,"minecraft:rotten_flesh":5,"minecraft:iron_chestplate":3,"minecraft:torch":6,"minecraft:dirt":20,"minecraft:crafting_table":4,"minecraft:white_bed":1,"minecraft:azure_bluet":1,"minecraft:iron_pickaxe":11,"minecraft:gravel":4,"minecraft:stone_axe":22,"minecraft:cobblestone":11,"minecraft:furnace":3,"minecraft:egg":1,"minecraft:dandelion":1},"minecraft:dropped":{"minecraft:wheat_seeds":15,"minecraft:flint":1,"minecraft:wooden_pickaxe":1},"minecraft:crafted":{"minecraft:oak_planks":36,"minecraft:crafting_table":1,"minecraft:wooden_pickaxe":1,"minecraft:furnace":2,"minecraft:stone_axe":1,"minecraft:cooked_mutton":9,"minecraft:air":0,"minecraft:iron_chestplate":1,"minecraft:charcoal":2,"minecraft:shield":1,"minecraft:stick":16,"minecraft:iron_ingot":14,"minecraft:iron_pickaxe":1,"minecraft:stone_pickaxe":1,"minecraft:stone_sword":1,"minecraft:white_bed":2,"minecraft:torch":20},"minecraft:picked_up":{"minecraft:iron_chestplate":2,"minecraft:charcoal":2,"minecraft:crafting_table":8,"minecraft:feather":2,"minecraft:azure_bluet":1,"minecraft:chicken":4,"minecraft:andesite":1,"minecraft:wooden_pickaxe":3,"minecraft:potato":3,"minecraft:flint":2,"minecraft:oak_log":14,"minecraft:golden_boots":1,"minecraft:shield":1,"minecraft:dirt":31,"minecraft:cooked_mutton":6,"minecraft:bone":4,"minecraft:wheat_seeds":16,"minecraft:iron_ingot":2,"minecraft:stone_pickaxe":3,"minecraft:poppy":1,"minecraft:iron_pickaxe":2,"minecraft:light_gray_wool":5,"minecraft:oak_planks":44,"minecraft:egg":1,"minecraft:furnace":9,"minecraft:stick":2,"minecraft:raw_iron":35,"minecraft:torch":7,"minecraft:dandelion":1,"minecraft:gravel":4,"minecraft:white_bed":6,"minecraft:stone_sword":5,"minecraft:arrow":10,"minecraft:rotten_flesh":19,"minecraft:stone_axe":3,"minecraft:granite":3,"minecraft:gray_wool":4,"minecraft:mutton":15,"minecraft:coal":36,"minecraft:white_wool":12,"minecraft:cobblestone":75},"minecraft:killed":{"minecraft:creeper":1,"minecraft:skeleton":2,"minecraft:sheep":8,"minecraft:zombie":7,"minecraft:chicken":1}},"DataVersion":3953}