{"stats":{"minecraft:broken":{"minecraft:golden_boots":1,"minecraft:stone_sword":1,"minecraft:shield":1,"minecraft:stone_axe":1},"minecraft:mined":{"minecraft:white_bed":2,"minecraft:deepslate_diamond_ore":3,"minecraft:granite":1,"minecraft:grass_block":9,"minecraft:jungle_planks":3,"minecraft:jungle_log":8,"minecraft:kelp":11,"minecraft:sandstone":123,"minecraft:hay_block":29,"minecraft:furnace":5,"minecraft:iron_ore":24,"minecraft:azure_bluet":1,"minecraft:deepslate_iron_ore":8,"minecraft:vine":1,"minecraft:oak_stairs":1,"minecraft:bamboo":9,"minecraft:stone":123,"minecraft:kelp_plant":1,"minecraft:dandelion":2,"minecraft:crafting_table":7,"minecraft:torch":5,"minecraft:short_grass":204,"minecraft:poppy":1,"minecraft:melon":2,"minecraft:chest":1,"minecraft:copper_ore":1,"minecraft:tall_grass":7,"minecraft:cobblestone":3,"minecraft:sugar_cane":6,"minecraft:blue_bed":1,"minecraft:wall_torch":9,"minecraft:birch_leaves":1,"minecraft:oak_log":36,"minecraft:coal_ore":37,"minecraft:gravel":5,"minecraft:sand":30,"minecraft:dirt":9,"minecraft:oak_leaves":8,"minecraft:deepslate":3,"minecraft:fern":26},"minecraft:killed_by":{"minecraft:creeper":2,"minecraft:iron_golem":1,"minecraft:skeleton":3,"minecraft:zombie":2},"minecraft:custom":{"minecraft:mob_kills":70,"minecraft:interact_with_crafting_table":23,"minecraft:bell_ring":25,"minecraft:leave_game":5,"minecraft:time_since_death":4637,"minecraft:climb_one_cm":3819,"minecraft:sprint_one_cm":363612,"minecraft:walk_one_cm":151533,"minecraft:damage_blocked_by_shield":3981,"minecraft:drop":29,"minecraft:play_time":104730,"minecraft:deaths":10,"minecraft:sneak_time":8766,"minecraft:walk_under_water_one_cm":10287,"minecraft:boat_one_cm":163728,"minecraft:jump":3362,"minecraft:walk_on_water_one_cm":14267,"minecraft:total_world_time":104730,"minecraft:interact_with_furnace":42,"minecraft:sleep_in_bed":6,"minecraft:time_since_rest":4710,"minecraft:damage_taken":4911,"minecraft:damage_absorbed":79,"minecraft:damage_dealt":10462,"minecraft:swim_one_cm":48524,"minecraft:fly_one_cm":590679,"minecraft:open_chest":12,"minecraft:crouch_one_cm":21513,"minecraft:fall_one_cm":115801},"minecraft:used":{"minecraft:stone_sword":132,"minecraft:poppy":3,"minecraft:chest":2,"minecraft:shield":65,"minecraft:cooked_salmon":2,"minecraft:rotten_flesh":9,"minecraft:oak_door":2,"minecraft:iron_chestplate":3,"minecraft:torch":60,"minecraft:dirt":21,"minecraft:mutton":6,"minecraft:jungle_planks":18,"minecraft:azure_bluet":1,"minecraft:iron_axe":44,"minecraft:bamboo":40,"minecraft:beef":5,"minecraft:furnace":5,"minecraft:egg":1,"minecraft:potato":1,"minecraft:iron_leggings":1,"minecraft:cooked_mutton":9,"minecraft:stone_pickaxe":94,"minecraft:wooden_pickaxe":14,"minecraft:sandstone":16,"minecraft:blue_bed":1,"minecraft:golden_apple":2,"minecraft:sand":15,"minecraft:crafting_table":8,"minecraft:white_bed":2,"minecraft:oak_log":1,"minecraft:chicken":1,"minecraft:iron_pickaxe":234,"minecraft:bread":11,"minecraft:brown_wool":1,"minecraft:gravel":4,"minecraft:stone_axe":99,"minecraft:cobblestone":49,"minecraft:potion":1,"minecraft:porkchop":2,"minecraft:cooked_porkchop":10,"minecraft:andesite":1,"minecraft:oak_boat":3,"minecraft:dandelion":1},"minecraft:dropped":{"minecraft:wheat_seeds":21,"minecraft:lapis_lazuli":2,"minecraft:glass_bottle":4,"minecraft:crafting_table":1,"minecraft:feather":5,"minecraft:flint":1,"minecraft:iron_nugget":12,"minecraft:rotten_flesh":1,"minecraft:cooked_mutton":1,"minecraft:melon_seeds":2,"minecraft:oak_boat":1,"minecraft:oak_sapling":1,"minecraft:wooden_pickaxe":1},"minecraft:crafted":{"minecraft:oak_door":3,"minecraft:oak_planks":108,"minecraft:furnace":3,"minecraft:cooked_mutton":10,"minecraft:iron_axe":1,"minecraft:melon_seeds":7,"minecraft:stone_pickaxe":1,"minecraft:chest":2,"minecraft:wheat":261,"minecraft:cooked_porkchop":7,"minecraft:crafting_table":4,"minecraft:wooden_pickaxe":1,"minecraft:blue_bed":1,"minecraft:stone_axe":1,"minecraft:bread":87,"minecraft:air":0,"minecraft:jungle_planks":32,"minecraft:blue_dye":1,"minecraft:oak_boat":1,"minecraft:iron_chestplate":1,"minecraft:charcoal":2,"minecraft:shield":2,"minecraft:stick":28,"minecraft:iron_ingot":15,"minecraft:iron_pickaxe":1,"minecraft:stone_sword":1,"minecraft:iron_leggings":1,"minecraft:white_bed":2,"minecraft:torch":60},"minecraft:picked_up":{"minecraft:charcoal":2,"minecraft:crafting_table":12,"minecraft:iron_chestplate":6,"minecraft:azure_bluet":1,"minecraft:chicken":9,"minecraft:wooden_pickaxe":3,"minecraft:oak_stairs":1,"minecraft:potion":2,"minecraft:golden_shovel":1,"minecraft:shield":5,"minecraft:iron_axe":1,"minecraft:raw_copper":11,"minecraft:cooked_salmon":22,"minecraft:flint_and_steel":1,"minecraft:iron_leggings":1,"minecraft:cobbled_deepslate":3,"minecraft:beef":5,"minecraft:oak_boat":7,"minecraft:light_gray_wool":6,"minecraft:iron_nugget":12,"minecraft:poppy":3,"minecraft:iron_pickaxe":6,"minecraft:chest":1,"minecraft:melon_slice":7,"minecraft:sugar_cane":16,"minecraft:furnace":18,"minecraft:egg":1,"minecraft:stick":2,"minecraft:raw_iron":51,"minecraft:sandstone":175,"minecraft:torch":44,"minecraft:porkchop":47,"minecraft:diorite":4,"minecraft:prismarine_crystals":2,"minecraft:stone_sword":8,"minecraft:arrow":31,"minecraft:rotten_flesh":30,"minecraft:hay_block":29,"minecraft:gold_ingot":19,"minecraft:obsidian":1,"minecraft:mutton":38,"minecraft:cobblestone":222,"minecraft:white_wool":26,"minecraft:feather":7,"minecraft:andesite":3,"minecraft:jungle_log":8,"minecraft:brown_wool":1,"minecraft:leather":6,"minecraft:potato":3,"minecraft:filled_map":1,"minecraft:flint":2,"minecraft:oak_log":35,"minecraft:golden_boots":1,"minecraft:lapis_lazuli":3,"minecraft:dirt":47,"minecraft:blue_bed":2,"minecraft:cooked_mutton":6,"minecraft:bone":25,"minecraft:kelp":22,"minecraft:bow":1,"minecraft:wheat_seeds":36,"minecraft:heart_of_the_sea":3,"minecraft:stone_pickaxe":7,"minecraft:iron_ingot":26,"minecraft:glass_bottle":3,"minecraft:bamboo":80,"minecraft:oak_planks":86,"minecraft:cooked_porkchop":9,"minecraft:dandelion":1,"minecraft:gravel":4,"minecraft:jungle_planks":44,"minecraft:sand":115,"minecraft:white_bed":10,"minecraft:spider_eye":4,"minecraft:leather_helmet":2,"minecraft:diamond":6,"minecraft:stone_axe":6,"minecraft:granite":3,"minecraft:golden_apple":2,"minecraft:gray_wool":4,"minecraft:emerald":4,"minecraft:bread":64,"minecraft:oak_sapling":2,"minecraft:coal":95},"minecraft:killed":{"minecraft:spider":4,"minecraft:skeleton":9,"minecraft:chicken":5,"minecraft:pig":13,"minecraft:iron_golem":1,"minecraft:creeper":1,"minecraft:sheep":17,"minecraft:zombie":16,"minecraft:cow":3}},"DataVersion":3953}