{"stats":{"minecraft:broken":{"minecraft:golden_boots":1,"minecraft:stone_sword":1,"minecraft:shield":3,"minecraft:iron_axe":1,"minecraft:stone_axe":1,"minecraft:iron_pickaxe":1},"minecraft:dropped":{"minecraft:wheat_seeds":23,"minecraft:lapis_lazuli":2,"minecraft:glass_bottle":4,"minecraft:crafting_table":1,"minecraft:feather":6,"minecraft:leather_helmet":1,"minecraft:flint":1,"minecraft:lava_bucket":1,"minecraft:dirt":14,"minecraft:gray_wool":1,"minecraft:brown_wool":1,"minecraft:iron_leggings":1,"minecraft:gold_ingot":35,"minecraft:iron_nugget":12,"minecraft:rotten_flesh":1,"minecraft:light_gray_wool":1,"minecraft:iron_boots":1,"minecraft:cooked_mutton":1,"minecraft:iron_chestplate":1,"minecraft:melon_seeds":2,"minecraft:oak_boat":1,"minecraft:oak_sapling":1,"minecraft:bow":2,"minecraft:stone_pickaxe":1,"minecraft:beef":3,"minecraft:wooden_pickaxe":1},"minecraft:crafted":{"minecraft:oak_door":3,"minecraft:oak_planks":196,"minecraft:furnace":4,"minecraft:diamond_shovel":1,"minecraft:cooked_mutton":10,"minecraft:flint_and_steel":1,"minecraft:diamond_helmet":1,"minecraft:diamond_leggings":1,"minecraft:iron_boots":1,"minecraft:iron_axe":1,"minecraft:melon_seeds":7,"minecraft:stone_pickaxe":1,"minecraft:chest":4,"minecraft:diamond_boots":1,"minecraft:golden_boots":1,"minecraft:wheat":351,"minecraft:cooked_beef":30,"minecraft:diamond_sword":1,"minecraft:cooked_porkchop":7,"minecraft:diamond_axe":1,"minecraft:crafting_table":5,"minecraft:wooden_pickaxe":1,"minecraft:blue_bed":1,"minecraft:bucket":2,"minecraft:stone_axe":1,"minecraft:bread":117,"minecraft:air":0,"minecraft:jungle_planks":32,"minecraft:blue_dye":1,"minecraft:oak_boat":1,"minecraft:book":3,"minecraft:paper":9,"minecraft:iron_chestplate":1,"minecraft:diamond_pickaxe":1,"minecraft:charcoal":2,"minecraft:shield":3,"minecraft:stick":44,"minecraft:iron_ingot":116,"minecraft:iron_pickaxe":2,"minecraft:stone_sword":1,"minecraft:gold_ingot":39,"minecraft:iron_leggings":1,"minecraft:white_bed":2,"minecraft:torch":76,"minecraft:diamond_chestplate":1},"minecraft:picked_up":{"minecraft:charcoal":2,"minecraft:crafting_table":16,"minecraft:iron_chestplate":6,"minecraft:azure_bluet":1,"minecraft:chicken":11,"minecraft:brown_mushroom":1,"minecraft:wooden_pickaxe":3,"minecraft:oak_stairs":1,"minecraft:enchanted_book":1,"minecraft:potion":2,"minecraft:golden_shovel":1,"minecraft:nether_brick":12,"minecraft:shield":5,"minecraft:amethyst_block":28,"minecraft:string":32,"minecraft:raw_copper":11,"minecraft:iron_axe":1,"minecraft:cooked_salmon":22,"minecraft:flint_and_steel":1,"minecraft:iron_leggings":1,"minecraft:blackstone":67,"minecraft:gold_nugget":65,"minecraft:cobbled_deepslate":188,"minecraft:beef":43,"minecraft:oak_boat":7,"minecraft:calcite":13,"minecraft:iron_nugget":50,"minecraft:poppy":3,"minecraft:iron_pickaxe":6,"minecraft:light_gray_wool":7,"minecraft:melon_slice":7,"minecraft:sugar_cane":28,"minecraft:chest":1,"minecraft:furnace":21,"minecraft:egg":3,"minecraft:stick":2,"minecraft:raw_iron":153,"minecraft:sandstone":175,"minecraft:oak_door":12,"minecraft:torch":55,"minecraft:fire_charge":4,"minecraft:porkchop":52,"minecraft:diorite":6,"minecraft:redstone":134,"minecraft:prismarine_crystals":2,"minecraft:stone_sword":8,"minecraft:arrow":45,"minecraft:rotten_flesh":59,"minecraft:hay_block":39,"minecraft:gold_ingot":19,"minecraft:obsidian":21,"minecraft:mutton":56,"minecraft:white_wool":36,"minecraft:cobblestone":269,"minecraft:feather":8,"minecraft:glow_ink_sac":3,"minecraft:andesite":3,"minecraft:jungle_log":8,"minecraft:brown_wool":2,"minecraft:leather":39,"minecraft:red_mushroom":2,"minecraft:potato":3,"minecraft:filled_map":1,"minecraft:flint":3,"minecraft:tuff":29,"minecraft:oak_log":58,"minecraft:golden_boots":1,"minecraft:lapis_lazuli":43,"minecraft:dirt":81,"minecraft:blue_bed":6,"minecraft:bone":49,"minecraft:cooked_mutton":6,"minecraft:kelp":22,"minecraft:bow":4,"minecraft:wheat_seeds":38,"minecraft:raw_gold":39,"minecraft:heart_of_the_sea":3,"minecraft:iron_ingot":28,"minecraft:stone_pickaxe":7,"minecraft:glass_bottle":4,"minecraft:bamboo":80,"minecraft:soul_sand":12,"minecraft:oak_planks":86,"minecraft:smooth_basalt":3,"minecraft:cooked_porkchop":9,"minecraft:quartz":70,"minecraft:lava_bucket":1,"minecraft:dandelion":1,"minecraft:gravel":82,"minecraft:sand":115,"minecraft:jungle_planks":45,"minecraft:spruce_sapling":4,"minecraft:spectral_arrow":18,"minecraft:white_bed":10,"minecraft:spruce_log":17,"minecraft:crying_obsidian":8,"minecraft:spider_eye":8,"minecraft:leather_helmet":2,"minecraft:diamond":92,"minecraft:stone_axe":6,"minecraft:granite":3,"minecraft:golden_apple":2,"minecraft:gray_wool":5,"minecraft:bread":64,"minecraft:emerald":4,"minecraft:netherrack":12,"minecraft:oak_sapling":2,"minecraft:coal":145,"minecraft:ender_pearl":7},"minecraft:killed":{"minecraft:witch":1,"minecraft:spider":10,"minecraft:horse":5,"minecraft:skeleton":27,"minecraft:chicken":8,"minecraft:pig":15,"minecraft:zombie_villager":1,"minecraft:iron_golem":1,"minecraft:creeper":1,"minecraft:sheep":29,"minecraft:donkey":8,"minecraft:zombie":49,"minecraft:ghast":1,"minecraft:cow":23},"minecraft:custom":{"minecraft:mob_kills":188,"minecraft:animals_bred":2,"minecraft:interact_with_crafting_table":41,"minecraft:bell_ring":25,"minecraft:leave_game":8,"minecraft:time_since_death":161210,"minecraft:climb_one_cm":4182,"minecraft:sprint_one_cm":817825,"minecraft:walk_one_cm":334713,"minecraft:damage_blocked_by_shield":9495,"minecraft:drop":47,"minecraft:play_time":261303,"minecraft:sneak_time":25253,"minecraft:deaths":10,"minecraft:walk_under_water_one_cm":48053,"minecraft:boat_one_cm":163728,"minecraft:jump":7923,"minecraft:walk_on_water_one_cm":62582,"minecraft:total_world_time":261303,"minecraft:interact_with_furnace":94,"minecraft:sleep_in_bed":14,"minecraft:time_since_rest":20856,"minecraft:damage_taken":8589,"minecraft:damage_absorbed":79,"minecraft:damage_dealt":29039,"minecraft:swim_one_cm":151255,"minecraft:fly_one_cm":1416325,"minecraft:open_chest":57,"minecraft:crouch_one_cm":66117,"minecraft:fall_one_cm":255503},"minecraft:killed_by":{"minecraft:creeper":2,"minecraft:iron_golem":1,"minecraft:skeleton":3,"minecraft:zombie":2},"minecraft:used":{"minecraft:stone_sword":132,"minecraft:flint_and_steel":28,"minecraft:poppy":3,"minecraft:chest":4,"minecraft:shield":108,"minecraft:cooked_salmon":2,"minecraft:rotten_flesh":9,"minecraft:oak_door":14,"minecraft:iron_chestplate":3,"minecraft:torch":87,"minecraft:dirt":41,"minecraft:mutton":6,"minecraft:jungle_planks":19,"minecraft:tuff":28,"minecraft:azure_bluet":1,"minecraft:obsidian":10,"minecraft:lava_bucket":16,"minecraft:iron_axe":151,"minecraft:iron_boots":1,"minecraft:smooth_basalt":3,"minecraft:bamboo":40,"minecraft:beef":5,"minecraft:furnace":10,"minecraft:egg":3,"minecraft:cooked_beef":1,"minecraft:potato":1,"minecraft:cobbled_deepslate":179,"minecraft:iron_leggings":1,"minecraft:golden_boots":2,"minecraft:calcite":13,"minecraft:cooked_mutton":9,"minecraft:water_bucket":45,"minecraft:diamond_boots":1,"minecraft:diorite":3,"minecraft:amethyst_block":2,"minecraft:stone_pickaxe":103,"minecraft:wooden_pickaxe":14,"minecraft:sandstone":16,"minecraft:sugar_cane":9,"minecraft:blue_bed":5,"minecraft:diamond_axe":35,"minecraft:golden_apple":2,"minecraft:sand":15,"minecraft:crafting_table":11,"minecraft:white_bed":2,"minecraft:oak_log":1,"minecraft:diamond_pickaxe":528,"minecraft:diamond_shovel":33,"minecraft:chicken":1,"minecraft:iron_pickaxe":400,"minecraft:bread":105,"minecraft:brown_wool":1,"minecraft:gravel":14,"minecraft:stone_axe":99,"minecraft:diamond_sword":231,"minecraft:potion":1,"minecraft:cobblestone":113,"minecraft:porkchop":2,"minecraft:cooked_porkchop":10,"minecraft:andesite":1,"minecraft:bucket":63,"minecraft:oak_boat":3,"minecraft:dandelion":1},"minecraft:mined":{"minecraft:nether_gold_ore":16,"minecraft:tuff":26,"minecraft:white_bed":2,"minecraft:deepslate_diamond_ore":90,"minecraft:oak_door":12,"minecraft:obsidian":23,"minecraft:granite":1,"minecraft:grass_block":29,"minecraft:jungle_planks":4,"minecraft:jungle_log":8,"minecraft:red_mushroom":2,"minecraft:spruce_leaves":23,"minecraft:kelp":11,"minecraft:sandstone":123,"minecraft:large_fern":2,"minecraft:hay_block":39,"minecraft:furnace":8,"minecraft:iron_ore":93,"minecraft:cobbled_deepslate":8,"minecraft:fire":5,"minecraft:azure_bluet":1,"minecraft:dirt_path":2,"minecraft:deepslate_iron_ore":37,"minecraft:vine":1,"minecraft:oak_stairs":1,"minecraft:bamboo":9,"minecraft:stone":163,"minecraft:deepslate_redstone_ore":28,"minecraft:brown_mushroom":1,"minecraft:kelp_plant":1,"minecraft:dandelion":2,"minecraft:crafting_table":11,"minecraft:torch":7,"minecraft:short_grass":214,"minecraft:poppy":1,"minecraft:calcite":12,"minecraft:melon":2,"minecraft:chest":1,"minecraft:nether_quartz_ore":65,"minecraft:copper_ore":1,"minecraft:tall_grass":12,"minecraft:cobblestone":12,"minecraft:deepslate_gold_ore":32,"minecraft:lapis_ore":6,"minecraft:sugar_cane":14,"minecraft:blue_bed":5,"minecraft:diorite":2,"minecraft:wall_torch":11,"minecraft:amethyst_block":28,"minecraft:spruce_log":17,"minecraft:birch_leaves":3,"minecraft:oak_log":63,"minecraft:coal_ore":60,"minecraft:gravel":15,"minecraft:dirt":13,"minecraft:sand":30,"minecraft:netherrack":12,"minecraft:gold_ore":8,"minecraft:oak_leaves":16,"minecraft:deepslate":173,"minecraft:fern":26}},"DataVersion":3953}