{"stats":{"minecraft:broken":{"minecraft:golden_boots":1},"minecraft:mined":{"minecraft:white_bed":2,"minecraft:granite":1,"minecraft:grass_block":4,"minecraft:jungle_log":8,"minecraft:kelp":11,"minecraft:sandstone":113,"minecraft:furnace":4,"minecraft:iron_ore":23,"minecraft:azure_bluet":1,"minecraft:vine":1,"minecraft:bamboo":7,"minecraft:stone":55,"minecraft:kelp_plant":1,"minecraft:dandelion":2,"minecraft:crafting_table":6,"minecraft:torch":4,"minecraft:short_grass":112,"minecraft:poppy":1,"minecraft:chest":1,"minecraft:cobblestone":2,"minecraft:tall_grass":7,"minecraft:sugar_cane":6,"minecraft:blue_bed":1,"minecraft:wall_torch":2,"minecraft:birch_leaves":1,"minecraft:coal_ore":10,"minecraft:oak_log":20,"minecraft:dirt":9,"minecraft:gravel":5,"minecraft:sand":30,"minecraft:oak_leaves":6,"minecraft:fern":4},"minecraft:killed_by":{"minecraft:creeper":1,"minecraft:skeleton":3,"minecraft:zombie":2},"minecraft:custom":{"minecraft:mob_kills":49,"minecraft:interact_with_crafting_table":16,"minecraft:leave_game":3,"minecraft:time_since_death":20164,"minecraft:climb_one_cm":899,"minecraft:sprint_one_cm":210456,"minecraft:walk_one_cm":88662,"minecraft:damage_blocked_by_shield":1301,"minecraft:drop":22,"minecraft:play_time":67159,"minecraft:deaths":8,"minecraft:sneak_time":4363,"minecraft:walk_under_water_one_cm":4404,"minecraft:boat_one_cm":163728,"minecraft:jump":2222,"minecraft:walk_on_water_one_cm":8537,"minecraft:total_world_time":67159,"minecraft:interact_with_furnace":40,"minecraft:sleep_in_bed":5,"minecraft:time_since_rest":1984,"minecraft:damage_taken":2987,"minecraft:damage_dealt":5723,"minecraft:swim_one_cm":24790,"minecraft:fly_one_cm":379687,"minecraft:open_chest":2,"minecraft:crouch_one_cm":10692,"minecraft:fall_one_cm":78689},"minecraft:used":{"minecraft:stone_sword":107,"minecraft:poppy":1,"minecraft:shield":23,"minecraft:cooked_salmon":2,"minecraft:rotten_flesh":9,"minecraft:iron_chestplate":3,"minecraft:torch":12,"minecraft:dirt":20,"minecraft:mutton":6,"minecraft:azure_bluet":1,"minecraft:beef":5,"minecraft:furnace":4,"minecraft:egg":1,"minecraft:potato":1,"minecraft:cooked_mutton":9,"minecraft:stone_pickaxe":49,"minecraft:wooden_pickaxe":14,"minecraft:sandstone":3,"minecraft:blue_bed":1,"minecraft:sand":13,"minecraft:crafting_table":5,"minecraft:white_bed":2,"minecraft:chicken":1,"minecraft:brown_wool":1,"minecraft:iron_pickaxe":153,"minecraft:gravel":4,"minecraft:stone_axe":71,"minecraft:cobblestone":14,"minecraft:potion":1,"minecraft:cooked_porkchop":1,"minecraft:porkchop":2,"minecraft:andesite":1,"minecraft:oak_boat":3,"minecraft:dandelion":1},"minecraft:dropped":{"minecraft:wheat_seeds":16,"minecraft:glass_bottle":2,"minecraft:crafting_table":1,"minecraft:feather":5,"minecraft:flint":1,"minecraft:iron_nugget":12,"minecraft:rotten_flesh":1,"minecraft:cooked_mutton":1,"minecraft:oak_boat":1,"minecraft:wooden_pickaxe":1},"minecraft:crafted":{"minecraft:oak_planks":60,"minecraft:furnace":2,"minecraft:cooked_mutton":10,"minecraft:stone_pickaxe":1,"minecraft:cooked_porkchop":7,"minecraft:crafting_table":1,"minecraft:wooden_pickaxe":1,"minecraft:blue_bed":1,"minecraft:stone_axe":1,"minecraft:air":0,"minecraft:jungle_planks":32,"minecraft:blue_dye":1,"minecraft:oak_boat":1,"minecraft:iron_chestplate":1,"minecraft:charcoal":2,"minecraft:shield":1,"minecraft:stick":16,"minecraft:iron_ingot":14,"minecraft:iron_pickaxe":1,"minecraft:stone_sword":1,"minecraft:white_bed":2,"minecraft:torch":20},"minecraft:picked_up":{"minecraft:charcoal":2,"minecraft:iron_chestplate":4,"minecraft:crafting_table":11,"minecraft:azure_bluet":1,"minecraft:chicken":7,"minecraft:wooden_pickaxe":3,"minecraft:potion":2,"minecraft:shield":3,"minecraft:raw_copper":3,"minecraft:cooked_salmon":16,"minecraft:beef":5,"minecraft:oak_boat":6,"minecraft:light_gray_wool":6,"minecraft:iron_nugget":12,"minecraft:poppy":1,"minecraft:iron_pickaxe":4,"minecraft:chest":1,"minecraft:sugar_cane":8,"minecraft:egg":1,"minecraft:furnace":14,"minecraft:raw_iron":44,"minecraft:stick":2,"minecraft:sandstone":138,"minecraft:torch":25,"minecraft:porkchop":29,"minecraft:prismarine_crystals":2,"minecraft:stone_sword":7,"minecraft:arrow":16,"minecraft:rotten_flesh":20,"minecraft:gold_ingot":8,"minecraft:mutton":29,"minecraft:white_wool":21,"minecraft:cobblestone":103,"minecraft:feather":7,"minecraft:andesite":3,"minecraft:jungle_log":8,"minecraft:brown_wool":1,"minecraft:leather":3,"minecraft:potato":3,"minecraft:filled_map":1,"minecraft:flint":2,"minecraft:oak_log":20,"minecraft:golden_boots":1,"minecraft:lapis_lazuli":3,"minecraft:blue_bed":1,"minecraft:dirt":34,"minecraft:cooked_mutton":6,"minecraft:bone":12,"minecraft:kelp":11,"minecraft:wheat_seeds":22,"minecraft:heart_of_the_sea":2,"minecraft:iron_ingot":16,"minecraft:stone_pickaxe":5,"minecraft:bamboo":33,"minecraft:glass_bottle":2,"minecraft:oak_planks":68,"minecraft:cooked_porkchop":3,"minecraft:dandelion":1,"minecraft:gravel":4,"minecraft:jungle_planks":25,"minecraft:sand":90,"minecraft:white_bed":10,"minecraft:diamond":2,"minecraft:stone_axe":5,"minecraft:granite":3,"minecraft:gray_wool":4,"minecraft:oak_sapling":1,"minecraft:coal":39},"minecraft:killed":{"minecraft:skeleton":3,"minecraft:chicken":5,"minecraft:pig":11,"minecraft:creeper":1,"minecraft:sheep":17,"minecraft:zombie":8,"minecraft:cow":3}},"DataVersion":3953}