{"stats":{"minecraft:broken":{"minecraft:golden_boots":1,"minecraft:stone_sword":1,"minecraft:stone_axe":1},"minecraft:mined":{"minecraft:white_bed":2,"minecraft:granite":1,"minecraft:grass_block":9,"minecraft:jungle_planks":3,"minecraft:jungle_log":8,"minecraft:kelp":11,"minecraft:sandstone":123,"minecraft:hay_block":29,"minecraft:furnace":4,"minecraft:iron_ore":23,"minecraft:azure_bluet":1,"minecraft:vine":1,"minecraft:oak_stairs":1,"minecraft:bamboo":9,"minecraft:stone":57,"minecraft:kelp_plant":1,"minecraft:dandelion":2,"minecraft:crafting_table":6,"minecraft:torch":4,"minecraft:short_grass":203,"minecraft:melon":2,"minecraft:poppy":1,"minecraft:chest":1,"minecraft:cobblestone":2,"minecraft:tall_grass":7,"minecraft:sugar_cane":6,"minecraft:blue_bed":1,"minecraft:wall_torch":9,"minecraft:birch_leaves":1,"minecraft:coal_ore":13,"minecraft:oak_log":29,"minecraft:dirt":9,"minecraft:gravel":5,"minecraft:sand":30,"minecraft:oak_leaves":8,"minecraft:fern":26},"minecraft:killed_by":{"minecraft:creeper":1,"minecraft:iron_golem":1,"minecraft:skeleton":3,"minecraft:zombie":2},"minecraft:custom":{"minecraft:mob_kills":61,"minecraft:interact_with_crafting_table":20,"minecraft:bell_ring":25,"minecraft:leave_game":4,"minecraft:time_since_death":13151,"minecraft:climb_one_cm":3819,"minecraft:sprint_one_cm":326089,"minecraft:walk_one_cm":135508,"minecraft:damage_blocked_by_shield":2302,"minecraft:drop":29,"minecraft:play_time":91588,"minecraft:deaths":9,"minecraft:sneak_time":5902,"minecraft:walk_under_water_one_cm":4513,"minecraft:boat_one_cm":163728,"minecraft:jump":3030,"minecraft:walk_on_water_one_cm":9615,"minecraft:total_world_time":91588,"minecraft:interact_with_furnace":40,"minecraft:sleep_in_bed":6,"minecraft:time_since_rest":12893,"minecraft:damage_taken":3964,"minecraft:damage_absorbed":39,"minecraft:damage_dealt":8781,"minecraft:swim_one_cm":25270,"minecraft:fly_one_cm":535676,"minecraft:open_chest":12,"minecraft:crouch_one_cm":16288,"minecraft:fall_one_cm":103635},"minecraft:used":{"minecraft:stone_sword":132,"minecraft:poppy":3,"minecraft:chest":2,"minecraft:shield":46,"minecraft:cooked_salmon":2,"minecraft:rotten_flesh":9,"minecraft:iron_chestplate":3,"minecraft:torch":22,"minecraft:dirt":21,"minecraft:mutton":6,"minecraft:jungle_planks":18,"minecraft:azure_bluet":1,"minecraft:iron_axe":13,"minecraft:bamboo":40,"minecraft:beef":5,"minecraft:furnace":4,"minecraft:egg":1,"minecraft:potato":1,"minecraft:iron_leggings":1,"minecraft:cooked_mutton":9,"minecraft:stone_pickaxe":49,"minecraft:wooden_pickaxe":14,"minecraft:sandstone":16,"minecraft:blue_bed":1,"minecraft:golden_apple":1,"minecraft:sand":15,"minecraft:crafting_table":6,"minecraft:white_bed":2,"minecraft:bread":2,"minecraft:chicken":1,"minecraft:brown_wool":1,"minecraft:iron_pickaxe":170,"minecraft:gravel":4,"minecraft:stone_axe":99,"minecraft:cobblestone":16,"minecraft:potion":1,"minecraft:cooked_porkchop":8,"minecraft:porkchop":2,"minecraft:andesite":1,"minecraft:oak_boat":3,"minecraft:dandelion":1},"minecraft:dropped":{"minecraft:wheat_seeds":21,"minecraft:lapis_lazuli":2,"minecraft:glass_bottle":4,"minecraft:crafting_table":1,"minecraft:feather":5,"minecraft:flint":1,"minecraft:iron_nugget":12,"minecraft:rotten_flesh":1,"minecraft:cooked_mutton":1,"minecraft:melon_seeds":2,"minecraft:oak_sapling":1,"minecraft:oak_boat":1,"minecraft:wooden_pickaxe":1},"minecraft:crafted":{"minecraft:oak_planks":96,"minecraft:furnace":2,"minecraft:cooked_mutton":10,"minecraft:iron_axe":1,"minecraft:melon_seeds":7,"minecraft:stone_pickaxe":1,"minecraft:chest":2,"minecraft:wheat":261,"minecraft:cooked_porkchop":7,"minecraft:crafting_table":2,"minecraft:wooden_pickaxe":1,"minecraft:blue_bed":1,"minecraft:stone_axe":1,"minecraft:bread":87,"minecraft:air":0,"minecraft:jungle_planks":32,"minecraft:blue_dye":1,"minecraft:oak_boat":1,"minecraft:iron_chestplate":1,"minecraft:charcoal":2,"minecraft:shield":1,"minecraft:stick":24,"minecraft:iron_ingot":14,"minecraft:iron_pickaxe":1,"minecraft:stone_sword":1,"minecraft:iron_leggings":1,"minecraft:white_bed":2,"minecraft:torch":32},"minecraft:picked_up":{"minecraft:charcoal":2,"minecraft:iron_chestplate":5,"minecraft:crafting_table":11,"minecraft:azure_bluet":1,"minecraft:chicken":9,"minecraft:wooden_pickaxe":3,"minecraft:oak_stairs":1,"minecraft:potion":2,"minecraft:golden_shovel":1,"minecraft:shield":4,"minecraft:raw_copper":3,"minecraft:cooked_salmon":22,"minecraft:flint_and_steel":1,"minecraft:beef":5,"minecraft:oak_boat":7,"minecraft:light_gray_wool":6,"minecraft:iron_nugget":12,"minecraft:poppy":3,"minecraft:iron_pickaxe":5,"minecraft:melon_slice":7,"minecraft:chest":1,"minecraft:sugar_cane":16,"minecraft:egg":1,"minecraft:furnace":16,"minecraft:raw_iron":44,"minecraft:stick":2,"minecraft:sandstone":175,"minecraft:torch":34,"minecraft:porkchop":47,"minecraft:prismarine_crystals":2,"minecraft:stone_sword":8,"minecraft:arrow":21,"minecraft:rotten_flesh":23,"minecraft:hay_block":29,"minecraft:gold_ingot":19,"minecraft:obsidian":1,"minecraft:mutton":38,"minecraft:white_wool":26,"minecraft:cobblestone":109,"minecraft:feather":7,"minecraft:andesite":3,"minecraft:jungle_log":8,"minecraft:brown_wool":1,"minecraft:leather":6,"minecraft:potato":3,"minecraft:filled_map":1,"minecraft:flint":2,"minecraft:oak_log":29,"minecraft:golden_boots":1,"minecraft:lapis_lazuli":3,"minecraft:blue_bed":2,"minecraft:dirt":38,"minecraft:cooked_mutton":6,"minecraft:bone":19,"minecraft:kelp":22,"minecraft:bow":1,"minecraft:wheat_seeds":36,"minecraft:heart_of_the_sea":3,"minecraft:iron_ingot":26,"minecraft:stone_pickaxe":6,"minecraft:bamboo":80,"minecraft:glass_bottle":3,"minecraft:oak_planks":68,"minecraft:cooked_porkchop":9,"minecraft:dandelion":1,"minecraft:gravel":4,"minecraft:jungle_planks":44,"minecraft:sand":115,"minecraft:white_bed":10,"minecraft:spider_eye":2,"minecraft:leather_helmet":1,"minecraft:diamond":3,"minecraft:stone_axe":6,"minecraft:granite":3,"minecraft:golden_apple":2,"minecraft:gray_wool":4,"minecraft:bread":7,"minecraft:emerald":4,"minecraft:oak_sapling":2,"minecraft:coal":42},"minecraft:killed":{"minecraft:spider":2,"minecraft:skeleton":6,"minecraft:chicken":5,"minecraft:pig":13,"minecraft:iron_golem":1,"minecraft:creeper":1,"minecraft:sheep":17,"minecraft:zombie":12,"minecraft:cow":3}},"DataVersion":3953}