{"stats":{"minecraft:mined":{"minecraft:dandelion":2,"minecraft:azure_bluet":1,"minecraft:short_grass":26,"minecraft:grass_block":1,"minecraft:oak_log":5,"minecraft:poppy":1,"minecraft:dirt":9,"minecraft:tall_grass":2,"minecraft:stone":32,"minecraft:oak_leaves":2},"minecraft:used":{"minecraft:stone_pickaxe":18,"minecraft:poppy":1,"minecraft:wooden_pickaxe":14,"minecraft:dirt":13,"minecraft:cobblestone":7,"minecraft:egg":1,"minecraft:dandelion":1,"minecraft:azure_bluet":1},"minecraft:custom":{"minecraft:time_since_rest":648,"minecraft:sprint_one_cm":21495,"minecraft:damage_taken":250,"minecraft:walk_one_cm":11893,"minecraft:drop":2,"minecraft:damage_dealt":25,"minecraft:interact_with_crafting_table":3,"minecraft:fly_one_cm":24377,"minecraft:crouch_one_cm":3717,"minecraft:play_time":7332,"minecraft:deaths":1,"minecraft:sneak_time":1436,"minecraft:jump":181,"minecraft:leave_game":1,"minecraft:time_since_death":624,"minecraft:total_world_time":7332,"minecraft:fall_one_cm":7119},"minecraft:dropped":{"minecraft:wheat_seeds":1,"minecraft:wooden_pickaxe":1},"minecraft:crafted":{"minecraft:oak_planks":20,"minecraft:stick":8,"minecraft:wooden_pickaxe":1,"minecraft:stone_pickaxe":1,"minecraft:stone_sword":1,"minecraft:stone_axe":1},"minecraft:picked_up":{"minecraft:azure_bluet":1,"minecraft:wooden_pickaxe":1,"minecraft:dandelion":1,"minecraft:oak_log":5,"minecraft:dirt":17,"minecraft:wheat_seeds":4,"minecraft:poppy":1,"minecraft:cobblestone":31,"minecraft:egg":1}},"DataVersion":3953}