{"stats":{"minecraft:broken":{"minecraft:golden_boots":1},"minecraft:mined":{"minecraft:white_bed":2,"minecraft:granite":1,"minecraft:grass_block":6,"minecraft:jungle_log":8,"minecraft:kelp":11,"minecraft:sandstone":113,"minecraft:furnace":4,"minecraft:iron_ore":23,"minecraft:azure_bluet":1,"minecraft:vine":1,"minecraft:bamboo":9,"minecraft:stone":55,"minecraft:kelp_plant":1,"minecraft:dandelion":2,"minecraft:crafting_table":6,"minecraft:torch":4,"minecraft:short_grass":194,"minecraft:melon":2,"minecraft:poppy":1,"minecraft:chest":1,"minecraft:cobblestone":2,"minecraft:tall_grass":7,"minecraft:sugar_cane":6,"minecraft:blue_bed":1,"minecraft:wall_torch":2,"minecraft:birch_leaves":1,"minecraft:coal_ore":10,"minecraft:oak_log":20,"minecraft:dirt":9,"minecraft:gravel":5,"minecraft:sand":30,"minecraft:oak_leaves":7,"minecraft:fern":26},"minecraft:killed_by":{"minecraft:creeper":1,"minecraft:iron_golem":1,"minecraft:skeleton":3,"minecraft:zombie":2},"minecraft:custom":{"minecraft:mob_kills":51,"minecraft:interact_with_crafting_table":16,"minecraft:bell_ring":25,"minecraft:leave_game":3,"minecraft:time_since_death":722,"minecraft:climb_one_cm":3819,"minecraft:sprint_one_cm":284379,"minecraft:walk_one_cm":111182,"minecraft:damage_blocked_by_shield":1301,"minecraft:drop":27,"minecraft:play_time":79159,"minecraft:deaths":9,"minecraft:sneak_time":4474,"minecraft:walk_under_water_one_cm":4513,"minecraft:boat_one_cm":163728,"minecraft:jump":2700,"minecraft:walk_on_water_one_cm":9615,"minecraft:total_world_time":79159,"minecraft:interact_with_furnace":40,"minecraft:sleep_in_bed":6,"minecraft:time_since_rest":464,"minecraft:damage_taken":3331,"minecraft:damage_dealt":6367,"minecraft:swim_one_cm":25270,"minecraft:fly_one_cm":480711,"minecraft:open_chest":8,"minecraft:crouch_one_cm":10912,"minecraft:fall_one_cm":92659},"minecraft:used":{"minecraft:stone_sword":127,"minecraft:poppy":1,"minecraft:shield":23,"minecraft:cooked_salmon":2,"minecraft:rotten_flesh":9,"minecraft:iron_chestplate":3,"minecraft:torch":12,"minecraft:dirt":21,"minecraft:mutton":6,"minecraft:jungle_planks":9,"minecraft:azure_bluet":1,"minecraft:beef":5,"minecraft:furnace":4,"minecraft:egg":1,"minecraft:potato":1,"minecraft:cooked_mutton":9,"minecraft:stone_pickaxe":49,"minecraft:wooden_pickaxe":14,"minecraft:sandstone":3,"minecraft:blue_bed":1,"minecraft:sand":15,"minecraft:crafting_table":5,"minecraft:white_bed":2,"minecraft:chicken":1,"minecraft:brown_wool":1,"minecraft:iron_pickaxe":153,"minecraft:gravel":4,"minecraft:stone_axe":73,"minecraft:cobblestone":14,"minecraft:potion":1,"minecraft:cooked_porkchop":4,"minecraft:porkchop":2,"minecraft:andesite":1,"minecraft:oak_boat":3,"minecraft:dandelion":1},"minecraft:dropped":{"minecraft:wheat_seeds":16,"minecraft:lapis_lazuli":2,"minecraft:glass_bottle":4,"minecraft:crafting_table":1,"minecraft:feather":5,"minecraft:flint":1,"minecraft:iron_nugget":12,"minecraft:rotten_flesh":1,"minecraft:cooked_mutton":1,"minecraft:melon_seeds":2,"minecraft:oak_sapling":1,"minecraft:oak_boat":1,"minecraft:wooden_pickaxe":1},"minecraft:crafted":{"minecraft:oak_planks":60,"minecraft:furnace":2,"minecraft:cooked_mutton":10,"minecraft:melon_seeds":7,"minecraft:stone_pickaxe":1,"minecraft:cooked_porkchop":7,"minecraft:crafting_table":1,"minecraft:wooden_pickaxe":1,"minecraft:blue_bed":1,"minecraft:stone_axe":1,"minecraft:air":0,"minecraft:jungle_planks":32,"minecraft:blue_dye":1,"minecraft:oak_boat":1,"minecraft:iron_chestplate":1,"minecraft:charcoal":2,"minecraft:shield":1,"minecraft:stick":16,"minecraft:iron_ingot":14,"minecraft:iron_pickaxe":1,"minecraft:stone_sword":1,"minecraft:white_bed":2,"minecraft:torch":20},"minecraft:picked_up":{"minecraft:charcoal":2,"minecraft:iron_chestplate":5,"minecraft:crafting_table":11,"minecraft:azure_bluet":1,"minecraft:chicken":9,"minecraft:wooden_pickaxe":3,"minecraft:potion":2,"minecraft:golden_shovel":1,"minecraft:shield":3,"minecraft:raw_copper":3,"minecraft:cooked_salmon":22,"minecraft:flint_and_steel":1,"minecraft:beef":5,"minecraft:oak_boat":7,"minecraft:light_gray_wool":6,"minecraft:iron_nugget":12,"minecraft:poppy":1,"minecraft:iron_pickaxe":5,"minecraft:melon_slice":7,"minecraft:chest":1,"minecraft:sugar_cane":16,"minecraft:egg":1,"minecraft:furnace":16,"minecraft:raw_iron":44,"minecraft:stick":2,"minecraft:sandstone":166,"minecraft:torch":27,"minecraft:porkchop":47,"minecraft:prismarine_crystals":2,"minecraft:stone_sword":8,"minecraft:arrow":19,"minecraft:rotten_flesh":20,"minecraft:gold_ingot":19,"minecraft:obsidian":1,"minecraft:mutton":38,"minecraft:white_wool":26,"minecraft:cobblestone":103,"minecraft:feather":7,"minecraft:andesite":3,"minecraft:jungle_log":8,"minecraft:brown_wool":1,"minecraft:leather":3,"minecraft:potato":3,"minecraft:filled_map":1,"minecraft:flint":2,"minecraft:oak_log":20,"minecraft:golden_boots":1,"minecraft:lapis_lazuli":3,"minecraft:blue_bed":2,"minecraft:dirt":35,"minecraft:cooked_mutton":6,"minecraft:bone":15,"minecraft:kelp":22,"minecraft:wheat_seeds":31,"minecraft:heart_of_the_sea":3,"minecraft:iron_ingot":23,"minecraft:stone_pickaxe":6,"minecraft:bamboo":80,"minecraft:glass_bottle":3,"minecraft:oak_planks":68,"minecraft:cooked_porkchop":3,"minecraft:dandelion":1,"minecraft:gravel":4,"minecraft:jungle_planks":41,"minecraft:sand":115,"minecraft:white_bed":10,"minecraft:diamond":3,"minecraft:stone_axe":6,"minecraft:granite":3,"minecraft:golden_apple":2,"minecraft:gray_wool":4,"minecraft:emerald":4,"minecraft:oak_sapling":1,"minecraft:coal":39},"minecraft:killed":{"minecraft:skeleton":3,"minecraft:chicken":5,"minecraft:pig":13,"minecraft:creeper":1,"minecraft:sheep":17,"minecraft:zombie":8,"minecraft:cow":3}},"DataVersion":3953}