{"stats":{"minecraft:broken":{"minecraft:golden_boots":1,"minecraft:stone_sword":1,"minecraft:shield":3,"minecraft:iron_axe":1,"minecraft:stone_axe":1,"minecraft:iron_pickaxe":1},"minecraft:dropped":{"minecraft:wheat_seeds":21,"minecraft:lapis_lazuli":2,"minecraft:glass_bottle":4,"minecraft:crafting_table":1,"minecraft:feather":5,"minecraft:leather_helmet":1,"minecraft:flint":1,"minecraft:iron_leggings":1,"minecraft:iron_nugget":12,"minecraft:rotten_flesh":1,"minecraft:iron_boots":1,"minecraft:cooked_mutton":1,"minecraft:iron_chestplate":1,"minecraft:melon_seeds":2,"minecraft:oak_boat":1,"minecraft:oak_sapling":1,"minecraft:bow":2,"minecraft:stone_pickaxe":1,"minecraft:beef":3,"minecraft:wooden_pickaxe":1},"minecraft:crafted":{"minecraft:oak_door":3,"minecraft:oak_planks":196,"minecraft:furnace":4,"minecraft:diamond_shovel":1,"minecraft:cooked_mutton":10,"minecraft:flint_and_steel":1,"minecraft:diamond_helmet":1,"minecraft:diamond_leggings":1,"minecraft:iron_boots":1,"minecraft:iron_axe":1,"minecraft:melon_seeds":7,"minecraft:stone_pickaxe":1,"minecraft:chest":4,"minecraft:diamond_boots":1,"minecraft:wheat":351,"minecraft:diamond_sword":1,"minecraft:cooked_porkchop":7,"minecraft:diamond_axe":1,"minecraft:crafting_table":5,"minecraft:wooden_pickaxe":1,"minecraft:blue_bed":1,"minecraft:bucket":2,"minecraft:stone_axe":1,"minecraft:bread":117,"minecraft:air":0,"minecraft:jungle_planks":32,"minecraft:blue_dye":1,"minecraft:oak_boat":1,"minecraft:iron_chestplate":1,"minecraft:diamond_pickaxe":1,"minecraft:charcoal":2,"minecraft:shield":3,"minecraft:stick":44,"minecraft:iron_ingot":45,"minecraft:iron_pickaxe":2,"minecraft:stone_sword":1,"minecraft:iron_leggings":1,"minecraft:white_bed":2,"minecraft:torch":76,"minecraft:diamond_chestplate":1},"minecraft:picked_up":{"minecraft:charcoal":2,"minecraft:crafting_table":16,"minecraft:iron_chestplate":6,"minecraft:azure_bluet":1,"minecraft:chicken":9,"minecraft:wooden_pickaxe":3,"minecraft:oak_stairs":1,"minecraft:potion":2,"minecraft:golden_shovel":1,"minecraft:shield":5,"minecraft:amethyst_block":28,"minecraft:string":6,"minecraft:raw_copper":11,"minecraft:iron_axe":1,"minecraft:cooked_salmon":22,"minecraft:flint_and_steel":1,"minecraft:iron_leggings":1,"minecraft:cobbled_deepslate":188,"minecraft:beef":8,"minecraft:oak_boat":7,"minecraft:calcite":13,"minecraft:iron_nugget":12,"minecraft:poppy":3,"minecraft:iron_pickaxe":6,"minecraft:light_gray_wool":6,"minecraft:melon_slice":7,"minecraft:sugar_cane":16,"minecraft:chest":1,"minecraft:furnace":21,"minecraft:egg":1,"minecraft:stick":2,"minecraft:raw_iron":153,"minecraft:sandstone":175,"minecraft:oak_door":12,"minecraft:torch":55,"minecraft:porkchop":47,"minecraft:diorite":6,"minecraft:redstone":134,"minecraft:prismarine_crystals":2,"minecraft:stone_sword":8,"minecraft:arrow":45,"minecraft:rotten_flesh":59,"minecraft:hay_block":39,"minecraft:gold_ingot":19,"minecraft:obsidian":21,"minecraft:mutton":38,"minecraft:white_wool":26,"minecraft:cobblestone":269,"minecraft:feather":7,"minecraft:glow_ink_sac":3,"minecraft:andesite":3,"minecraft:jungle_log":8,"minecraft:brown_wool":1,"minecraft:leather":6,"minecraft:potato":3,"minecraft:filled_map":1,"minecraft:flint":3,"minecraft:tuff":29,"minecraft:oak_log":57,"minecraft:golden_boots":1,"minecraft:lapis_lazuli":43,"minecraft:dirt":47,"minecraft:blue_bed":5,"minecraft:bone":47,"minecraft:cooked_mutton":6,"minecraft:kelp":22,"minecraft:bow":4,"minecraft:wheat_seeds":36,"minecraft:raw_gold":39,"minecraft:heart_of_the_sea":3,"minecraft:iron_ingot":28,"minecraft:stone_pickaxe":7,"minecraft:glass_bottle":4,"minecraft:bamboo":80,"minecraft:oak_planks":86,"minecraft:smooth_basalt":3,"minecraft:cooked_porkchop":9,"minecraft:dandelion":1,"minecraft:gravel":15,"minecraft:sand":115,"minecraft:jungle_planks":45,"minecraft:white_bed":10,"minecraft:spider_eye":8,"minecraft:leather_helmet":2,"minecraft:diamond":92,"minecraft:stone_axe":6,"minecraft:granite":3,"minecraft:golden_apple":2,"minecraft:gray_wool":4,"minecraft:bread":64,"minecraft:emerald":4,"minecraft:oak_sapling":2,"minecraft:coal":145},"minecraft:killed":{"minecraft:witch":1,"minecraft:spider":10,"minecraft:skeleton":27,"minecraft:chicken":5,"minecraft:pig":13,"minecraft:zombie_villager":1,"minecraft:iron_golem":1,"minecraft:creeper":1,"minecraft:sheep":17,"minecraft:zombie":49,"minecraft:cow":4},"minecraft:custom":{"minecraft:mob_kills":133,"minecraft:interact_with_crafting_table":37,"minecraft:bell_ring":25,"minecraft:leave_game":7,"minecraft:time_since_death":111629,"minecraft:climb_one_cm":4182,"minecraft:sprint_one_cm":586908,"minecraft:walk_one_cm":271699,"minecraft:damage_blocked_by_shield":9495,"minecraft:drop":37,"minecraft:play_time":211722,"minecraft:sneak_time":23355,"minecraft:deaths":10,"minecraft:walk_under_water_one_cm":47186,"minecraft:boat_one_cm":163728,"minecraft:jump":6139,"minecraft:walk_on_water_one_cm":61404,"minecraft:total_world_time":211722,"minecraft:interact_with_furnace":71,"minecraft:sleep_in_bed":10,"minecraft:time_since_rest":9955,"minecraft:damage_taken":8078,"minecraft:damage_absorbed":79,"minecraft:damage_dealt":22564,"minecraft:swim_one_cm":147909,"minecraft:fly_one_cm":1002365,"minecraft:open_chest":37,"minecraft:crouch_one_cm":57140,"minecraft:fall_one_cm":196247},"minecraft:killed_by":{"minecraft:creeper":2,"minecraft:iron_golem":1,"minecraft:skeleton":3,"minecraft:zombie":2},"minecraft:used":{"minecraft:stone_sword":132,"minecraft:flint_and_steel":28,"minecraft:poppy":3,"minecraft:chest":4,"minecraft:shield":108,"minecraft:cooked_salmon":2,"minecraft:rotten_flesh":9,"minecraft:oak_door":14,"minecraft:iron_chestplate":3,"minecraft:torch":87,"minecraft:dirt":21,"minecraft:mutton":6,"minecraft:jungle_planks":19,"minecraft:tuff":28,"minecraft:azure_bluet":1,"minecraft:obsidian":10,"minecraft:lava_bucket":16,"minecraft:iron_axe":151,"minecraft:iron_boots":1,"minecraft:smooth_basalt":3,"minecraft:bamboo":40,"minecraft:beef":5,"minecraft:furnace":10,"minecraft:egg":1,"minecraft:potato":1,"minecraft:cobbled_deepslate":143,"minecraft:iron_leggings":1,"minecraft:calcite":13,"minecraft:cooked_mutton":9,"minecraft:water_bucket":42,"minecraft:diorite":3,"minecraft:amethyst_block":2,"minecraft:stone_pickaxe":103,"minecraft:wooden_pickaxe":14,"minecraft:sandstone":16,"minecraft:blue_bed":4,"minecraft:diamond_axe":1,"minecraft:golden_apple":2,"minecraft:sand":15,"minecraft:crafting_table":11,"minecraft:white_bed":2,"minecraft:oak_log":1,"minecraft:diamond_pickaxe":434,"minecraft:diamond_shovel":5,"minecraft:chicken":1,"minecraft:iron_pickaxe":400,"minecraft:bread":82,"minecraft:brown_wool":1,"minecraft:gravel":9,"minecraft:stone_axe":99,"minecraft:diamond_sword":114,"minecraft:potion":1,"minecraft:cobblestone":113,"minecraft:porkchop":2,"minecraft:cooked_porkchop":10,"minecraft:andesite":1,"minecraft:bucket":60,"minecraft:oak_boat":3,"minecraft:dandelion":1},"minecraft:mined":{"minecraft:tuff":26,"minecraft:white_bed":2,"minecraft:deepslate_diamond_ore":90,"minecraft:oak_door":12,"minecraft:obsidian":23,"minecraft:granite":1,"minecraft:grass_block":9,"minecraft:jungle_planks":4,"minecraft:jungle_log":8,"minecraft:kelp":11,"minecraft:sandstone":123,"minecraft:hay_block":39,"minecraft:furnace":8,"minecraft:iron_ore":93,"minecraft:cobbled_deepslate":8,"minecraft:fire":2,"minecraft:azure_bluet":1,"minecraft:deepslate_iron_ore":37,"minecraft:vine":1,"minecraft:oak_stairs":1,"minecraft:bamboo":9,"minecraft:stone":163,"minecraft:deepslate_redstone_ore":28,"minecraft:kelp_plant":1,"minecraft:dandelion":2,"minecraft:crafting_table":11,"minecraft:torch":7,"minecraft:short_grass":207,"minecraft:poppy":1,"minecraft:calcite":12,"minecraft:melon":2,"minecraft:chest":1,"minecraft:copper_ore":1,"minecraft:tall_grass":7,"minecraft:cobblestone":12,"minecraft:deepslate_gold_ore":32,"minecraft:lapis_ore":6,"minecraft:sugar_cane":6,"minecraft:blue_bed":4,"minecraft:diorite":2,"minecraft:wall_torch":11,"minecraft:amethyst_block":28,"minecraft:birch_leaves":1,"minecraft:oak_log":58,"minecraft:coal_ore":60,"minecraft:gravel":15,"minecraft:dirt":9,"minecraft:sand":30,"minecraft:gold_ore":8,"minecraft:oak_leaves":12,"minecraft:deepslate":173,"minecraft:fern":26}},"DataVersion":3953}