{"stats":{"minecraft:mined":{"minecraft:dandelion":2,"minecraft:crafting_table":1,"minecraft:short_grass":47,"minecraft:grass_block":1,"minecraft:poppy":1,"minecraft:tall_grass":2,"minecraft:furnace":2,"minecraft:iron_ore":17,"minecraft:azure_bluet":1,"minecraft:oak_log":10,"minecraft:coal_ore":10,"minecraft:gravel":4,"minecraft:dirt":9,"minecraft:stone":34,"minecraft:oak_leaves":2},"minecraft:killed_by":{"minecraft:zombie":1},"minecraft:custom":{"minecraft:interact_with_furnace":33,"minecraft:mob_kills":11,"minecraft:interact_with_crafting_table":9,"minecraft:leave_game":2,"minecraft:time_since_death":6012,"minecraft:time_since_rest":6038,"minecraft:sprint_one_cm":59744,"minecraft:damage_taken":725,"minecraft:walk_one_cm":29373,"minecraft:drop":4,"minecraft:damage_dealt":1198,"minecraft:fly_one_cm":78060,"minecraft:crouch_one_cm":6159,"minecraft:play_time":19257,"minecraft:deaths":2,"minecraft:sneak_time":2750,"minecraft:jump":583,"minecraft:total_world_time":19257,"minecraft:fall_one_cm":20328},"minecraft:used":{"minecraft:cooked_mutton":5,"minecraft:stone_sword":24,"minecraft:stone_pickaxe":49,"minecraft:poppy":1,"minecraft:wooden_pickaxe":14,"minecraft:iron_chestplate":1,"minecraft:torch":1,"minecraft:dirt":17,"minecraft:crafting_table":2,"minecraft:azure_bluet":1,"minecraft:gravel":2,"minecraft:stone_axe":11,"minecraft:cobblestone":7,"minecraft:furnace":3,"minecraft:egg":1,"minecraft:dandelion":1},"minecraft:dropped":{"minecraft:wheat_seeds":7,"minecraft:wooden_pickaxe":1},"minecraft:crafted":{"minecraft:oak_planks":20,"minecraft:crafting_table":1,"minecraft:wooden_pickaxe":1,"minecraft:furnace":2,"minecraft:stone_axe":1,"minecraft:cooked_mutton":9,"minecraft:air":0,"minecraft:iron_chestplate":1,"minecraft:charcoal":2,"minecraft:stick":12,"minecraft:iron_ingot":11,"minecraft:iron_pickaxe":1,"minecraft:stone_pickaxe":1,"minecraft:stone_sword":1,"minecraft:torch":4},"minecraft:picked_up":{"minecraft:charcoal":2,"minecraft:crafting_table":2,"minecraft:feather":2,"minecraft:azure_bluet":1,"minecraft:chicken":2,"minecraft:wooden_pickaxe":3,"minecraft:oak_log":10,"minecraft:golden_boots":1,"minecraft:dirt":21,"minecraft:cooked_mutton":6,"minecraft:wheat_seeds":8,"minecraft:stone_pickaxe":2,"minecraft:poppy":1,"minecraft:light_gray_wool":2,"minecraft:oak_planks":23,"minecraft:egg":1,"minecraft:furnace":4,"minecraft:stick":2,"minecraft:raw_iron":20,"minecraft:dandelion":1,"minecraft:gravel":4,"minecraft:stone_sword":2,"minecraft:rotten_flesh":2,"minecraft:stone_axe":2,"minecraft:gray_wool":2,"minecraft:mutton":13,"minecraft:coal":15,"minecraft:white_wool":12,"minecraft:cobblestone":50},"minecraft:killed":{"minecraft:sheep":8,"minecraft:zombie":2,"minecraft:chicken":1}},"DataVersion":3953}