{"stats":{"minecraft:broken":{"minecraft:golden_boots":1},"minecraft:mined":{"minecraft:white_bed":2,"minecraft:dandelion":2,"minecraft:crafting_table":6,"minecraft:torch":4,"minecraft:granite":1,"minecraft:short_grass":88,"minecraft:grass_block":4,"minecraft:poppy":1,"minecraft:chest":1,"minecraft:tall_grass":6,"minecraft:cobblestone":2,"minecraft:sandstone":113,"minecraft:wall_torch":2,"minecraft:furnace":3,"minecraft:iron_ore":23,"minecraft:azure_bluet":1,"minecraft:oak_log":20,"minecraft:coal_ore":10,"minecraft:sand":30,"minecraft:gravel":5,"minecraft:dirt":9,"minecraft:stone":55,"minecraft:oak_leaves":5},"minecraft:killed_by":{"minecraft:skeleton":3,"minecraft:creeper":1,"minecraft:zombie":2},"minecraft:custom":{"minecraft:interact_with_furnace":37,"minecraft:mob_kills":26,"minecraft:interact_with_crafting_table":16,"minecraft:leave_game":3,"minecraft:time_since_death":8164,"minecraft:sleep_in_bed":3,"minecraft:time_since_rest":4083,"minecraft:sprint_one_cm":151148,"minecraft:damage_taken":2947,"minecraft:walk_one_cm":77168,"minecraft:damage_blocked_by_shield":1301,"minecraft:drop":19,"minecraft:damage_dealt":3783,"minecraft:swim_one_cm":20225,"minecraft:fly_one_cm":259854,"minecraft:open_chest":2,"minecraft:crouch_one_cm":10559,"minecraft:play_time":55159,"minecraft:deaths":8,"minecraft:sneak_time":4313,"minecraft:walk_under_water_one_cm":3539,"minecraft:boat_one_cm":132725,"minecraft:jump":1664,"minecraft:walk_on_water_one_cm":4852,"minecraft:total_world_time":55159,"minecraft:fall_one_cm":60373},"minecraft:used":{"minecraft:cooked_mutton":9,"minecraft:stone_sword":83,"minecraft:stone_pickaxe":49,"minecraft:poppy":1,"minecraft:wooden_pickaxe":14,"minecraft:shield":23,"minecraft:sandstone":3,"minecraft:cooked_salmon":2,"minecraft:rotten_flesh":9,"minecraft:iron_chestplate":3,"minecraft:torch":12,"minecraft:dirt":20,"minecraft:sand":13,"minecraft:mutton":6,"minecraft:crafting_table":5,"minecraft:white_bed":2,"minecraft:azure_bluet":1,"minecraft:iron_pickaxe":151,"minecraft:brown_wool":1,"minecraft:gravel":4,"minecraft:stone_axe":34,"minecraft:potion":1,"minecraft:cobblestone":14,"minecraft:furnace":3,"minecraft:porkchop":2,"minecraft:oak_boat":3,"minecraft:egg":1,"minecraft:potato":1,"minecraft:dandelion":1},"minecraft:dropped":{"minecraft:wheat_seeds":16,"minecraft:iron_nugget":12,"minecraft:glass_bottle":2,"minecraft:crafting_table":1,"minecraft:rotten_flesh":1,"minecraft:cooked_mutton":1,"minecraft:flint":1,"minecraft:wooden_pickaxe":1},"minecraft:crafted":{"minecraft:oak_planks":60,"minecraft:crafting_table":1,"minecraft:wooden_pickaxe":1,"minecraft:furnace":2,"minecraft:stone_axe":1,"minecraft:cooked_mutton":10,"minecraft:air":0,"minecraft:oak_boat":1,"minecraft:iron_chestplate":1,"minecraft:charcoal":2,"minecraft:shield":1,"minecraft:stick":16,"minecraft:iron_ingot":14,"minecraft:iron_pickaxe":1,"minecraft:stone_pickaxe":1,"minecraft:stone_sword":1,"minecraft:white_bed":2,"minecraft:torch":20},"minecraft:picked_up":{"minecraft:charcoal":2,"minecraft:crafting_table":11,"minecraft:iron_chestplate":4,"minecraft:feather":2,"minecraft:azure_bluet":1,"minecraft:chicken":4,"minecraft:andesite":3,"minecraft:brown_wool":1,"minecraft:wooden_pickaxe":3,"minecraft:potato":3,"minecraft:filled_map":1,"minecraft:potion":2,"minecraft:flint":2,"minecraft:oak_log":20,"minecraft:golden_boots":1,"minecraft:shield":3,"minecraft:lapis_lazuli":3,"minecraft:dirt":34,"minecraft:raw_copper":3,"minecraft:cooked_salmon":16,"minecraft:cooked_mutton":6,"minecraft:bone":12,"minecraft:wheat_seeds":21,"minecraft:heart_of_the_sea":2,"minecraft:stone_pickaxe":5,"minecraft:iron_ingot":16,"minecraft:oak_boat":5,"minecraft:iron_nugget":12,"minecraft:poppy":1,"minecraft:iron_pickaxe":4,"minecraft:light_gray_wool":6,"minecraft:glass_bottle":2,"minecraft:chest":1,"minecraft:oak_planks":68,"minecraft:furnace":13,"minecraft:egg":1,"minecraft:stick":2,"minecraft:raw_iron":44,"minecraft:sandstone":138,"minecraft:torch":25,"minecraft:dandelion":1,"minecraft:gravel":4,"minecraft:porkchop":2,"minecraft:sand":90,"minecraft:white_bed":10,"minecraft:prismarine_crystals":2,"minecraft:stone_sword":7,"minecraft:arrow":16,"minecraft:rotten_flesh":20,"minecraft:diamond":2,"minecraft:stone_axe":5,"minecraft:granite":3,"minecraft:gray_wool":4,"minecraft:gold_ingot":8,"minecraft:mutton":20,"minecraft:coal":39,"minecraft:white_wool":16,"minecraft:cobblestone":103},"minecraft:killed":{"minecraft:pig":1,"minecraft:creeper":1,"minecraft:sheep":11,"minecraft:skeleton":3,"minecraft:zombie":8,"minecraft:chicken":1}},"DataVersion":3953}